id,question_no,type,title,body,code_block,instruction,answer_count,explanation,shuffle_items,metadata_json
q009,#009,single_choice,キーワード抽出,"テキスト処理ソリューションを開発しています。
関数を呼び出して、次の文字列を 2 番目の引数として使用します。
「ロンドンのツアーにはバッキンガム宮殿への訪問も含まれていました。」
関数の出力は何でしょうか?","static void GetKeyWords(TextAnalyticsClient textAnalyticsClient, string text)
{
  var response = textAnalyticsClient.RecognizeEntities(text);
  Console.WriteLine(""key words:"");

  foreach(CategorizedEntity entity in response.Value)
  {
    Console.WriteLine($""{entity.Text}"");
  }
}",1つ選択してください,1,RecognizeEntities により地名や施設名などのエンティティが抽出されます。,true,{}
q001,#001,multi_choice,Autocomplete,"スマート電子商取引プロジェクトを開発しています。
Cognitive Search ソリューションの一部としてオートコンプリートを実装する必要があります。
実行すべき3つのアクションはどれですか？ それぞれの正解は解決策の一部を示しています。(3つ選択してください。)
注：正解の選択ごとに1ポイント獲得できます。",,3つ選択してください,3,suggester の構成、オートコンプリート エンドポイントの利用、適切な analyzer 設定がポイントです。,true,{}
q002,#002,drag_drop,Video Indexer の処理順,"あなたは製品作成プロジェクトを計画しています。
ビデオを分析するためのプロセスを推奨する必要があります。
どの 4 つのアクションを順番に実行する必要がありますか。回答するには、アクションのリストから適切なアクションを回答エリアに移動し、正しい順序に並べます。(4 つ選択してください。)",,正しい順に並べてください,4,BLOB にアップロードし、Video Indexer でインデックス化し、トランスクリプトを抽出して翻訳します。,true,"{""mode"": ""sequence"", ""required_items"": 4}"
q004,#004,dropdown,SuggestAltText,"製品作成プロジェクトのために画像をアップロードするためのコードを開発する必要があります。ソリューションはアクセシビリティ要件を満たす必要があります。
コードをどのように完成させるべきですか? 回答するには、回答エリアで適切なオプションを選択してください。
注意: 正しい選択ごとに 1 ポイントが付与されます。

Public static async Task<string> SuggestAltText(ComputerVisionClient client, <select01> image)
{
  List<VisualFeatureTypes?> features = new List<VisualFeatureTypes?>()
  {
    <select02>
  };
  ImageAnalysis results = await client.AnalyzeImageAsync(image, features);
  <select03>

  if(c.Confidence > 0.5) return(c.Text);
}",,各ドロップダウンを選択してください,3,Description と Captions を利用して代替テキストを生成します。,false,{}
q005,#005,dropdown,Adaptive Card,"外出先でのショッピング プロジェクトを開発しています。
チャットボット用のアダプティブ カードを構築する必要があります。
コードをどのように完成させるべきですか? 回答するには、回答エリアで適切なオプションを選択してください。
注意: 正しい選択ごとに 1 ポイントが付与されます。

{
  ""version"": ""1.3"",
  ""body"": [
    {
      ""type"": ""textBlock"",
      ""size"": ""medium"",
      ""weight"": ""bolder"",
      ""text"": ""${<select01>}""
    },
    {
      ""type"": ""textBlock"",
      <select02>
      ""color"": ""Attention""
    },
    {
      ""type"": ""Image"",
      ""url"": ""${image.url}"",
      ""size"": ""Medium"",
      ""altText"": ""${<select03>}""
    }
  ]
}",,各ドロップダウンを選択してください,3,言語別 name の参照、在庫状態に応じた条件表示、画像 alt text の言語別参照がポイントです。,false,{}
q006,#006,dropdown,Translator REST URI,"あなたは製品作成プロジェクトを計画しています。
多言語の製品説明を作成するには、REST エンドポイントを構築する必要があります。
URI をどのように完了すればよいですか? 回答するには、回答領域で適切なオプションを選択してください。
注意: 正しい選択ごとに 1 ポイントが付与されます。

<select01><select02>?api-version=3.0&to=es&to=pt",,各ドロップダウンを選択してください,2,Translator Text API のエンドポイントと translate パスを選択します。,false,{}
q007,#007,dropdown,QnA Maker のロール割り当て,"外出先でのショッピング プロジェクトを開発しています。
QnA Maker リソースへのアクセスを構成しています。
AllUsers と LeadershipTeam にはどのロールを割り当てる必要がありますか? 回答するには、回答領域で適切なオプションを選択してください。
注意: 正しい選択ごとに 1 ポイントが付与されます。

AllUsers:<select01>
LeadershipTeam:<select02>",,各ドロップダウンを選択してください,2,一般利用者と管理寄り権限で必要なロールを割り当てます。,false,{}
q008,#008,dropdown,PDF からのテキスト抽出と感情分析,"PDF ファイルとして保存されたプレス リリースのコレクションがあります。
ファイルからテキストを抽出し、感情分析を実行する必要があります。
各タスクにはどのサービスを使用する必要がありますか? 回答するには、回答エリアで適切なオプションを選択してください。
注意: 正しい選択ごとに 1 ポイントが付与されます。

テキスト抽出:<select01>
感情分析を実行:<select02>",,各ドロップダウンを選択してください,2,OCR/テキスト抽出は Computer Vision、感情分析は Language サービスです。,false,{}
q010,#010,dropdown,Relational Database,"文を正しく完成させる答えを選択してください。

EN:
A relational database is appropriate for scenarios that involve a high volume of <select01>.
JP:
リレーショナル データベースは、大量の <select01> が関係するシナリオに適しています。",,ドロップダウンを選択してください,1,リレーショナル データベースはトランザクション整合性が重要な大量トランザクション書き込みに向いています。,false,{}
q034,#034,single_yesno,Search throttling,"注: この問題は、同じシナリオを提示する一連の問題の一部です。一連の問題にはそれぞれ、定められた目標を満たす可能性のある独自の解答が含まれています。
Azure Cognitive Search サービスがあります。
過去 12 か月間、クエリ量は着実に増加しました。
Cognitive Search サービスへの一部の検索クエリ要求が調整されていることがわかりました。
検索クエリ要求が調整される可能性を減らす必要があります。
解決策: インデックスを追加します。
これは目標を満たしていますか?",,はい / いいえ を選択してください,1,検索要求のスロットリング対策としては、一般にレプリカやパーティションの調整が中心であり、単にインデックスを追加しても直接的な対策にはなりません。,false,{}
q022,#022,multi_yesno,Speech SSML,"Resource1 という名前の Azure AI Language リソースを含む Azure サブスクリプションがあります。
次の cURL コマンドを実行し、Output.mp3 ファイルを再生します。
以下の各文について、正しい場合は「はい」を選択してください。そうでない場合は「いいえ」を選択してください。
注意: 正しい選択ごとにポイントが加算されます。","curl --location --request POST ""https://eastus.tts.speech.microsoft.com/cognitiveservices/v1""
--header ""Ocp-Apim-Subscription-Key: 3795c4011f714f5aa66469e573109e4f""
--header ""Content-Type: application/ssml+xml""
--header ""X-Microsoft-OutputFormat: audio-16khz-128kbitrate-mono-mp3""
--header ""User-Agent: curl""
--data-raw ""
<speak version='1.0' xml:lang='en-US'>
  <voice xml:gender='Female' name='en-US-JennyNeural'>
    Welcome to the Azure Text-to-Speech demonstration.
  </voice>
  <voice xml:gender='Male' name='en-GB-RyanNeural'>
    This service allows you to convert text into natural-sounding speech.
  </voice>
  <voice xml:gender='Male' name='en-US-ChristopherNeural'>
    <mstts:express-as style='advertisement_upbeat' styledegree='2'>
      It's easy to integrate, customizable, and supports multiple languages and voices.
    </mstts:express-as>
  </voice>
</speak>
""
--output output.mp3",各文について Yes / No を選択してください,3,異なる音声名は使われていますが、設問の正解は入力どおり保持しています。,false,{}
q011,#011,single_choice,LUIS 請求先住所エンティティ,"eコマースプラットフォーム用の言語理解モデルを構築しています。請求先住所を取得するためのエンティティを構築する必要があります。
請求先住所にはどのエンティティ タイプを使用する必要がありますか?",,1つ選択してください,1,請求先住所のような複合的なパターンは、固定リストや正規表現よりも機械学習エンティティが適しています。,true,{}
q013,#013,dropdown,Custom Neural Voice SSML,"カスタム ニューラル音声を使用するテキスト読み上げアプリを構築しています。
アプリ用のSSMLファイルを作成する必要があります。ソリューションでは、音声プロファイルが以下の要件を満たしていることを確認する必要があります。
* 落ち着いた口調を表現する
* 若い成人女性の声を真似る
コードをどのように完成させるべきですか? 回答するには、回答の中で適切なオプションを選択してください。注: 正しい選択ごとに 1 ポイントが加算されます。

<mstts:express-as <select01> =""YoungAdultFemale"" <select02> =""gentle"">
  How can I assist you?
</mstts:express-as>",,各ドロップダウンを選択してください,2,年齢・性別に相当する表現は role、口調は style で指定します。,false,{}
q014,#014,multi_yesno,Bot Framework Composer ダイアログ,"Microsoft Bot Framework Composer を使用してチャットボットを構築しています。
次の図に示すようなダイアログ デザインがあります。

以下の各文について、正しい場合は「はい」を選択してください。そうでない場合は「いいえ」を選択してください。
注意: 正しい選択ごとに 1 ポイントが付与されます。",,各文について Yes / No を選択してください,3,設問の回答に従い、1つ目はいいえ、2つ目と3つ目ははいとして保持しています。,false,{}
q015,#015,single_choice,Microsoft Foundry プロジェクト,"Agent1 という名前のカスタム エージェントがあります。
Microsoft Foundry を使用して、Agent1 へのアクセスを制御し、アクティビティを監視する必要があります。
まず何をすべきでしょうか?",,1つ選択してください,1,アクセス制御や監視の基盤として、まず Foundry プロジェクトを作成します。,true,{}
q016,#016,drag_drop,Search キー侵害時の対応,"Azure Cognitive Search を使用する Web アプリがあります。
アプリの請求明細を確認したところ、予想よりもはるかに高い請求額が見つかりました。クエリキーが不正使用されたのではないかと疑っています。
検索エンドポイントへの不正アクセスを防ぎ、ユーザーがドキュメントコレクションに対して読み取り専用アクセスのみを行えるようにする必要があります。このソリューションでは、アプリのダウンタイムを最小限に抑える必要があります。
順番に実行する必要がある 3 つのアクションはどれですか。回答するには、適切なアクションをアクション リストから回答領域に移動し、正しい順序に並べます。",,正しい順に並べてください,3,新しいクエリキーを発行し、アプリを切り替えてから侵害されたキーを削除する流れです。,true,"{""mode"": ""sequence"", ""required_items"": 3}"
q019,#019,multi_choice,Translator API の追加クエリ パラメーター,"Translator API を使用するアプリケーションのメソッドを開発しています。
このメソッドはウェブページのコンテンツを受け取り、それをギリシャ語（el）に翻訳します。結果には、ローマ字による翻字も含まれます。
Translator API を呼び出すための URI を作成する必要があります。現在の URI は以下のとおりです。
https://api.cognitive.microsofttranslator.com/translate?api-version=3.0
URI に含めるべき 3 つの追加クエリ パラメーターはどれですか。それぞれの正解はソリューションの一部を示しています。(3 つ選択してください。) 注: 正解の選択ごとに 1 ポイントが加算されます。",,3つ選択してください,3,HTML コンテンツ指定、翻訳先言語、ローマ字翻字先スクリプトの指定が必要です。,true,{}
q020,#020,drag_drop,LUIS ToDo ドメインの構築順,"タスク追跡をサポートするチャットボットを構築する予定です。
lu1 という名前の Language Understanding サービスを作成します。
チャットボットに統合するための言語理解モデルを構築する必要があります。ソリューションは、モデル構築にかかる開発時間を最小限に抑える必要があります。
どの 4 つのアクションを順番に実行する必要がありますか。回答するには、アクションのリストから適切なアクションを回答エリアに移動し、正しい順序に並べます。(4 つ選択してください。)",,正しい順に並べてください,4,新規アプリ作成後、ToDo の事前構築ドメインを追加し、トレーニングして公開します。,true,"{""mode"": ""sequence"", ""required_items"": 4}"
q003,#003,dropdown,PDF 検索用スキルセット設計,"スマート電子商取引プロジェクトを開発しています。
検索に PDF の内容を含めるようにスキルセットを設計する必要があります。
スキルセット設計図はどのように完成させるべきでしょうか？適切なサービスを適切なステージにドラッグしてください。各サービスは1回、複数回、または全く使用されない場合があります。コンテンツを表示するには、ペイン間の分割バーをドラッグするか、スクロールする必要がある場合があります。
注意: 正しい選択ごとに 1 ポイントが付与されます。

EN:
Source:<select01>
Cracking:<select02>
Preparation:<select03>
Destination:<select04>",,各ドロップダウンを選択してください,4,今回の指定に合わせてドロップダウン形式で反映しています。,false,{}
q012,#012,dropdown,Document Intelligence の選定,"Azure サブスクリプションをお持ちです。
スキャンしたドキュメントを分析し、関連するフィールドをデータベースにエクスポートするソリューションを構築する予定です。
次の種類のドキュメントに対して、どの Azure Al サービスをデプロイするかを推奨する必要があります。
* 社内支出申請承認フォーム
* 仕入先請求書
ソリューションでは開発の労力を最小限に抑える必要があります。
各ドキュメントタイプに対してどのような推奨事項がありますか? 回答するには、回答領域で適切なオプションを選択してください。
注: 正解ごとに1ポイント獲得

JP:
社内支出申請承認フォーム：<select01>。
仕入先請求書：<select02>。",,各ドロップダウンを選択してください,2,今回ご提示いただいた回答内容で反映しています。,false,{}
q017,#017,drag_drop,画像説明のための Azure OpenAI Studio 操作順,"AH という名前の Azure OpenAI リソースを含む Azure サブスクリプションがあります。
テキストの説明を取得するには、画像を分析する必要があります。
Azure OpenAI Studio から順番に実行する必要がある 4 つのアクションはどれですか。回答するには、適切なアクションをアクション リストから回答領域に移動し、正しい順序に並べます。",,正しい順に並べてください,4,GPT-4 vision-preview のデプロイを作成し、Chat プレイグラウンドでシステムメッセージ設定後に画像付きプロンプトを送信します。,true,"{""mode"": ""sequence"", ""required_items"": 4}"
q018,#018,drag_drop,Anomaly Detector コンテナーのデプロイ,"Azure Al Anomaly Detector サービスを使用する監視ソリューションがあります。
断続的にインターネットにアクセスできる Server1 という名前のサーバーをプロビジョニングします。
Azure Al Anomaly Detector をサーバー 1 にデプロイする必要があります。
どの 4 つのアクションを順番に実行する必要がありますか? 回答するには、適切なアクションをアクション リストから回答領域に移動し、正しい順序に並べます。",,正しい順に並べてください,4,Docker を導入し、コンテナーを pull・run して、Server1 上の予測エンドポイントを呼び出します。,true,"{""mode"": ""sequence"", ""required_items"": 4}"
q021,#021,multi_choice,CLU モデルの精度評価,"会話型言語理解モデルをトレーニングして、ユーザーの自然言語入力を理解します。
モデルを展開する前に、その精度を評価する必要があります。
使用できる 2 つの方法は何ですか。それぞれの正解は完全な解決策を示します。
注意: 正しい選択ごとに 1 ポイントが付与されます。",,2つ選択してください,2,言語オーサリング REST エンドポイントによるモデル評価の概要取得と、Language Studio のモデル パフォーマンス確認が有効です。,true,{}
q023,#023,drag_drop,Bot Framework SDK のローカル テスト,"Microsoft Bot Framework SDK を使用してボットを構築します。
ローカル マシン上でボットを対話的にテストする必要があります。
順番に実行する必要がある 3 つのアクションはどれですか。回答するには、適切なアクションをアクション リストから回答領域に移動し、正しい順序に並べます。
注意：正解の選択肢は複数あります。正解の選択肢の中からどれを選択しても、得点は加算されます。",,正しい順に並べてください,3,ローカルでは、ボットを実行し、Bot Framework Emulator を開き、エンドポイントに接続してテストします。,true,"{""mode"": ""sequence"", ""required_items"": 3}"
q024,#024,single_choice,カスタム ニューラル音声の声優プロフィール,カスタム ニューラル音声を使用する小売キオスク システムを構築しています。音声サンプルを取得し、声優から同意を得ます。声優プロフィールを作成する必要があります。プロフィールに何をアップロードする必要がありますか?,,1つ選択してください,1,声優プロフィールには、合成への同意を得た声優の音声ファイルをアップロードします。,true,{}
q025,#025,dropdown,Azure Content Understanding のスキーマ,"Foundry Tools の Azure Content Understanding を使用してカスタム アナライザーを開発しています。
スキーマを作成したら、図に示すようにデータにラベルを付けます。(図のタブをクリックします。)ドロップダウンメニューを使用して、図に示された情報に基づいて各ステートメントを完成させる回答の選択肢を選択します。
注意: 正しい選択ごとに 1 ポイントが加算されます。

スキーマでは、Benefitsフィールドの型を<select01>として定義しています。
スキーマには<select02>フィールドが含まれています。",,各ドロップダウンを選択してください,2,Benefits は table 型で、スキーマのフィールド数は 5 です。,false,{}
q026,#026,single_choice,HR ポリシー Q&A の一貫した回答,"PDF 形式で保存されている人事 (HR) ポリシーに関する質問に答えるソリューションを設計しています。
特定の質問に対して、毎回同じ回答が返されることを保証する必要があります。ソリューションは開発労力を最小限に抑える必要があります。ソリューションにはどのサービスを含めるべきですか？",,1つ選択してください,1,毎回同じ回答を返したい場合は、生成 AI よりも Azure AI 言語ベースの Q&A が適しています。,true,{}
q027,#027,drag_drop,会話型言語理解モデルの構築手順,"タスク追跡をサポートするチャットボットを構築する予定です。
Iu1 という名前の会話型言語理解サービスを作成します。
チャットボットに統合するための会話型言語理解モデルを構築する必要があります。ソリューションは、モデル構築にかかる開発時間を最小限に抑える必要があります。
どの 4 つのアクションを順番に実行する必要がありますか? 回答するには、適切なアクションをアクション リストから回答領域に移動し、正しい順序に並べます。",,正しい順に並べてください,4,新しいアプリケーションを作成し、事前構築済み ToDo ドメインを追加して、トレーニング後に公開します。,true,"{""mode"": ""sequence"", ""required_items"": 4}"
q028,#028,dropdown,Speech SDK クラスの選定,"次のアクションを実行する通話処理システムを構築しています。
フランス語の着信ボイスメールを受け入れます。
ボイスメールをフランス語から英語に変換します。
各アクションには、どの Azure Speech in Foundry Tools SDK クラスを使用する必要がありますか? 回答するには、回答領域で適切なオプションを選択してください。
注意: 正しい選択ごとに 1 ポイントが加算されます。

着信ボイスメールをフランス語で受信します<select01>。
ボイスメールをフランス語から英語に変換します<select02>。",,各ドロップダウンを選択してください,2,音声入力の受け取りには AudioConfig、翻訳付き認識には TranslationRecognizer を使います。,false,{}
q029,#029,dropdown,授業計画と学習コンテンツの分析,"言語学習ソリューションを構築しています。
次のタスクを実行するために使用できる Azure サービスを推奨する必要があります。
* 教師が提出した授業計画を分析し、授業時間や必要なテキストなどの重要なフィールドを抽出します。
* 学習コンテンツを分析し、テキストでよく使用される単語やフレーズを表す画像を学生に提供します。ソリューションでは、開発の労力を最小限に抑える必要があります。
各タスクにどの Azure サービスをお勧めしますか? 回答するには、回答領域で適切なオプションを選択してください。
注意: 正しい選択ごとに 1 ポイントが付与されます。

授業計画を分析します:<select01>。
学習内容を分析します:<select02>。",,各ドロップダウンを選択してください,2,構造化抽出は Document Intelligence、読み支援や画像連携の学習支援には Immersive Reader が適しています。,false,{}
q030,#030,dropdown,Cognitive Services リソース作成 URI,"次の構成の Azure サブスクリプションがあります。
* サブスクリプションID: 8d3591aa-96b8-4737-ad09-OOf9b1ed35ad
* テナントID: 3edfe572-cbS4-3ced-ae12-c5c177f39a12
感情分析と光学式文字認識 (OCR) を実行するリソースを作成する予定です。
サブスクリプションにリソースを作成するには、HTTPリクエストを使用する必要があります。ソリューションでは、単一のキーとエンドポイントを使用する必要があります。
リクエストをどのように完了すればよいですか? 回答するには、回答領域で適切なオプションを選択してください。
注意: 正しい選択ごとに 1 ポイントが付与されます。

https://management.azure.com/<select01>/resourceGroups/OCRProject/providers/<select02>/accounts/CS1?api-version=2021-10-01",,各ドロップダウンを選択してください,2,Cognitive Services マルチサービス リソースなので、subscriptions/{id} と Microsoft.CognitiveServices を指定します。,false,{}
q031,#031,multi_yesno,Speech SDK での音声合成,"Resource1 という名前の Azure AI Speech サービス リソースがあります。
次の Python コードを実行して Resource1 を呼び出します。

以下の各文について、正しい場合は「はい」を選択してください。そうでない場合は「いいえ」を選択してください。
注意: 正しい選択ごとにポイントが加算されます。","def synthesize_speech(input):
  speech_config = speechsdk.SpeechConfig(subscription=os.environ.get('YourSpeechKey'), region=os.environ.get('YouｒSpeechRegion'))
  audio_config = speechsdk.audio.AudioOutputConfig(filename=""path/to/file.wav"")
  speech_synthesizer = speechsdk.SpeechSynthesizer(speech_config=speech_config, audio_config=audio_config)
  speech_synthesizer.speak_text_async(input)",各文について Yes / No を選択してください,3,この関数は入力テキストから音声を合成してファイル出力します。既存ファイルの存在やサンプリング用途ではありません。,false,{}
q032,#032,single_choice,Speech API の voices/list エンドポイント,"テキストを音声に変換するソーシャルメディア拡張機能を構築しています。ソリューションは以下の要件を満たす必要があります。
* 最大 400 文字のメッセージをサポートします。
* ユーザーに複数の音声オプションを提供します。
* コストを最小限に抑えます。
Azure Cognitive Services リソースを作成します。
利用可能な音声オプションをユーザーに提供する Speech API エンドポイントはどれですか?",,1つ選択してください,1,利用可能な音声一覧を取得するには TTS の voices/list エンドポイントを使います。,true,{}
q033,#033,multi_choice,財務文書のテキスト抽出 API,"ドキュメント処理ワークフローを開発しています。
財務文書からテキストを抽出するために使用するAPIエンドポイントを特定する必要があります。ソリューションは、文書処理要件を満たす必要があります。
どの 2 つの API エンドポイントを識別する必要がありますか? それぞれの正解はソリューションの一部を示します。
注意: 正しい選択ごとに 1 ポイントが付与されます。",,2つ選択してください,2,Read API の analyze と analyzeResults を組み合わせてテキスト抽出を行います。,true,{}
q035,#035,single_yesno,CMK 暗号化と Search throttling,"注: この問題は、同じシナリオを提示する一連の問題の一部です。一連の問題にはそれぞれ、定められた目標を満たす可能性のある独自の解答が含まれています。問題セットによっては、複数の正解が存在する場合もあれば、正解がない場合もあります。
このセクションの質問に回答した後は、その質問に戻ることはできません。そのため、これらの質問はレビュー画面に表示されません。
Azure Cognitive Search サービスがあります。
過去 12 か月間、クエリ量は着実に増加しました。
Cognitive Search サービスへの一部の検索クエリ要求が調整されていることがわかりました。
検索クエリ要求が調整される可能性を減らす必要があります。
解決策: カスタマー管理キー (CMK) 暗号化を有効にします。
これは目標を満たしていますか?",,はい / いいえ を選択してください,1,CMK 暗号化はデータ保護の設定であり、クエリ スロットリングの低減策ではありません。,false,{}
q036,#036,dropdown,Content Understanding アナライザー作成コマンド,"cu1 という名前の Azure AI コンテンツ理解リソースを含む Azure サブスクリプションがあります。
ドキュメントを分析するカスタム アナライザーを作成する必要があります。
コマンドをどのように完了すればよいですか? 回答するには、回答領域で適切なオプションを選択してください。
注意: 正しい選択ごとに 1 ポイントが付与されます。","curl -i -x <select01> ""https://cu1.services.ai.azure.com/<select02>/analyzers/myInvoice?api-version=2024-12-01-preview""",各ドロップダウンを選択してください,2,カスタム アナライザー作成は PUT と contentunderstanding パスを使います。,false,{}
q037,#037,dropdown,Custom neural voice と narration,"ビデオ トレーニング ソリューションのコンテンツを作成しています。
動画コンテンツに付随するナレーションを作成する必要があります。ソリューションにはカスタムニューラル音声を使用する必要があります。
カスタムニューラル音声を作成するには何を使用すればよいですか。また、ナレーションを生成するにはどのサービスを使用すればよいですか。回答するには、回答エリアで適切なオプションを選択してください。
注意: 正解ごとに 1 ポイントが付与されます。

Custom neural voice:<select01>
Narration:<select02>",,各ドロップダウンを選択してください,2,カスタム ニューラル音声は Speech Studio、ナレーション生成は Text-to-speech を使います。,false,{}
q038,#038,multi_choice,ドキュメント レベルのフィルタリング,"社内ドキュメントに Azure Cognitive Search を使用するアプリケーションを開発しています。
Azure Cognitive Search にはドキュメント レベルのフィルタリングを実装する必要があります。
解決策に含めるべき 3 つのアクションはどれですか。それぞれの正解は解決策の一部を示しています。
注意: 正しい選択ごとに 1 ポイントが付与されます。",,3つ選択してください,3,ユーザーのグループを取得し、各ドキュメントに許可グループを格納し、検索時にフィルターで制御します。,true,{}
q039,#039,multi_choice,不適切画像コンテンツのブロック,"Azure サブスクリプションをお持ちです。
ユーザーが画像を共有できるソーシャル メディア アプリを構築しています。
ユーザーがアップロードした不適切なコンテンツをブロックする必要があります。ソリューションは開発労力を最小限に抑える必要があります。使用できるツールを2つ挙げてください。それぞれの正解は完全なソリューションを示しています。注：正解は1つにつき1ポイントです。",,2つ選択してください,2,画像の不適切コンテンツ判定には Azure AI Vision と Azure AI コンテンツの安全性が候補になります。,true,{}
q040,#040,dropdown,Language 機能の選定,"顧客サポート チャットボットを構築しています。
次のものを識別するようにボットを構成する必要があります。
* 社内製品開発のコード名
* クレジットカード番号を含むメッセージ
ソリューションでは開発の労力を最小限に抑える必要があります。
各要件において、Azure Cognitive Service for Language のどの機能を使用すべきでしょうか？ 回答するには、適切な機能を正しい要件にドラッグしてください。各機能は、1回、複数回、または全く使用されない場合があります。コンテンツを表示するには、ペイン間の分割バーをドラッグするか、スクロールする必要がある場合があります。注：正解を選択するごとに1ポイントが加算されます。

社内製品開発用のコードネームを特定します。<select01>
クレジットカード番号を含むメッセージを識別します。<select02>",,各ドロップダウンを選択してください,2,社内コード名はカスタム固有表現抽出、クレジットカード番号は PII 検出が適しています。,false,{}
q041,#041,dropdown,創造的な ChatCompletions 設定,"AH という名前の Azure OpenAI リソースを含む Azure サブスクリプションがあります。
AI1 を使用して特定の質問に対する生成的な回答を提供するチャットボットを構築します。
応答がより創造的であり、決定論的ではないことを確認する必要があります。
コードをどのように完成させるべきですか? 回答するには、回答エリアで適切なオプションを選択してください。
注意: 正しい選択ごとに 1 ポイントが付与されます。","new ChatCompletionsOptions()
{
  Messages = 
  {
    new ChatMessage(<select01>, @""""),
  }
},
<select02> = (float)1.0,
MaxTokens = 800,
});",各ドロップダウンを選択してください,2,創造性を高めるには Temperature を設定します。指定のコード例では select01 は ChatRole.User です。,False,{}
q042,#042,single_choice,事前構築済みエンティティ,"言語理解モデルを使用してテキスト ファイルを分析するアプリを構築しています。
アプリが次のエンティティを検出できることを確認する必要があります。
- 気温
- 通貨の価値
- メールアドレス
- 電話番号
ソリューションでは開発の労力を最小限に抑える必要があります。
どのモデル機能を使用する必要がありますか?",,1つ選択してください,1,温度・通貨・メール・電話番号は事前構築済みエンティティコンポーネントが適しています。,True,{}
q043,#043,dropdown,AI サービス リソースのプロビジョニング,次の方法を使用して、Azure AI サービス リソースをプロビジョニングする予定です。,"static void provision_resource(CognitiveServicesManagementClient client, string name, string kind, string tier, string location)
{
  CognitiveServicesAccount parameters = new CognitiveServiceAccount(null, null, kind, location, name, 
    new CognitiveServicesAccountProperties(), new Sku(tier));
  result = client.Accounts.Create(resource_group_name, tier, parameters)
}

provision_resource(""res1"", <select01>, <select02>)",各ドロップダウンを選択してください,2,"kind は FormRecognizer、SKU と location は ""S0"", ""eastus"" を指定します。",False,{}
q044,#044,dropdown,Translator エンドポイントとパス,"言語翻訳を含むアプリケーションを開発しています。
アプリケーションは、get_text_to_be_translated 関数を使用して取得したテキストを翻訳します。テキストは複数の言語から選択できます。テキストの内容は、Azure の地域（アメリカ大陸）に限定する必要があります。
テキストを単一の言語に翻訳するコードを開発する必要があります。
コードをどのように完成させるべきですか? 回答するには、回答エリアで適切なオプションを選択してください。
注意: 正しい選択ごとに 1 ポイントが付与されます。","api_key = ""FF956C68B83B21B38691ABD200A4C606""
text = get_text_to_be_translated()
headers = {
  'Content-type': 'application/json',
  'Ocp-Apim-Subscription-Key': api_key
}
body = {
  'Text': text
}
conn = httplib.HTTPSConnection
conn.request(""POST"", <select01>)
response = conn.getresponse()
conn.request(""POST"", <select02>, str(body), headers)
response = conn.getresponse()",各ドロップダウンを選択してください,2,アメリカ大陸リージョンなら api-nam エンドポイントを使い、翻訳先指定は /translate?to=en です。,False,{}
q045,#045,single_choice,言語サービスの VNet 制限,Azureサブスクリプションに、ta1という言語サービスリソースとvnet1という仮想ネットワークが含まれています。vnet1内のリソースのみがta1にアクセスできるようにする必要があります。どのような設定が必要ですか？,,1つ選択してください,1,リソース側の仮想ネットワーク設定でアクセス元を制限します。,True,{}
q046,#046,single_choice,Form Recognizer SDK の受領書抽出,"URL からアクセスできる領収書があります。
Form RecognizerとSDKを使用してレシートからデータを抽出する必要があります。ソリューションでは、事前に構築されたモデルを使用する必要があります。
どのクライアントと方法を使用すればよいですか?",,1つ選択してください,1,事前構築済みのレシート抽出には FormRecognizerClient と StartRecognizeReceiptsFromUri が該当します。,True,{}
q047,#047,single_yesno,CLA のフレーズ リスト実装,"会話型言語理解（CLA）を用いて言語モデルを構築します。この言語モデルは、Findcontactというインテントを用いて連絡先リストの情報を検索するために用いられます。会話エキスパートが、トレーニングに使用する以下のフレーズリストを提供します。
* ロンドンの連絡先を検索します。
* シアトルで知り合いは誰ですか?
* ウクライナの連絡先を検索します。
会話型言語理解でフレーズ リストを実装する必要があります。",,はい / いいえ を選択してください,1,提示された解決策で目標を満たします。,False,{}
q048,#048,single_yesno,Search への private 接続要件,"注: この問題は、同じシナリオを提示する一連の問題の一部です。一連の問題にはそれぞれ、定められた目標を満たす可能性のある独自の解答が含まれています。問題セットによっては、複数の正解が存在する場合もあれば、正解がない場合もあります。
このセクションの質問に回答した後は、その質問に戻ることはできません。そのため、これらの質問はレビュー画面に表示されません。
vm1 という Azure 仮想マシン上で実行される app1 という Web アプリを作成します。vm1 は、vnet1 という Azure 仮想ネットワーク上にあります。
service1 という名前の新しい Azure Cognitive Search サービスを作成する予定です。
パブリック インターネット経由でトラフィックをルーティングせずに、app1 が service1 に直接接続できることを確認する必要があります。",,はい / いいえ を選択してください,1,パブリック エンドポイントと IP ファイアウォールでは目標を満たしません。,False,{}
q049,#049,multi_yesno,Face API の顔追加コード,"顔認識APIを使用して従業員の顔を認識するアプリケーションを開発しています。顔画像はURIエンドポイントからアクセスできます。
アプリケーションには次のコードがあります。","static async void AddFace(string subscription_key, string personGroupId, string PersonId, string imageURI)
{
  var client = new HttpClient();
  client.DefaultRequestHeaders.Add(""Ocp-Apim-Subscription-Key"", subscription_key);
  var endpointURI = $""https://westus.api.cognitive.microsoft.com/face/v1.0/persongroups/{personGroupId}/persons/{personId}/persistedFaces"";
  HttpResponseMessage response;
  var body = ""{\""url\"": \"""" + imageURI + ""\""}"";
  var content = new StringContent(body, Encoding.UTF8, ""application/json"");
  var response = await client.PutAsync(endpointURI, content);
}",各文について はい / いいえ を選択してください,3,人物オブジェクトへの顔追加、LargePersonGroup 相当の大規模運用、複数回呼び出しによる複数顔登録を意図した設問です。,False,{}
q050,#050,multi_choice,画像の説明と画像種別検出,"ユーザー画像を共有するアプリを構築しています。
ユーザーが画像をアップロードしたときに次のアクションを実行するようにアプリを構成する必要があります。
* 画像を写真または絵のいずれかに分類します。
* 画像のキャプションを生成します。
ソリューションでは開発の労力を最小限に抑える必要があります。
ソリューションに含めるべき 2 つのサービスはどれですか? それぞれの正解はソリューションの一部を示しています。
注意: 正しい選択ごとに 1 ポイントが付与されます。",,2つ選択してください,2,画像種別検出で写真/絵を判定し、画像の説明でキャプションを生成します。,True,{}
q051,#051,dropdown,画像アップロード要件に対するエンドポイント,"ユーザーが画像をアップロードできるアプリを構築しています。ソリューションは以下の要件を満たす必要があります。
* 画像の代替テキストを自動的に提案します。
* 不適切な画像を検出し、ブロックします。
* 開発の労力を最小限に抑えます。
要件ごとにコンピューター ビジョンのエンドポイントを推奨する必要があります。
何を推奨しますか? 回答するには、回答エリアで適切なオプションを選択してください。
注意: 正しい選択ごとに 1 ポイントが付与されます。

代替テキストを生成:<select01>
不適切なコンテンツを検出:<select02>",,各ドロップダウンを選択してください,2,"両方の要件に対して Analyze API の Adult,Description を使う前提で登録しています。",False,{}
q052,#052,drag_drop,QnA Maker の応答精度向上,"QnA Maker サービスを使用する小売チャットボットを構築しています。
モデルをトレーニングするために、社内サポートドキュメントをアップロードします。ドキュメントには「保証期間はどのくらいですか？」という質問が含まれています。ユーザーから、「保証期間はどのくらいですか？」という質問に対して、チャットボットがQnA Makerのデフォルトの回答を返すという報告がありました。ユーザーが「保証期間はどのくらいですか？」という質問に対して、チャットボットは正しい回答を返します。どちらの質問でも同じ回答が返されるはずです。
チャットボットの応答の精度を高める必要があります。
順番に実行する必要がある 3 つのアクションはどれですか。回答するには、アクションのリストから適切なアクションを回答エリアに移動し、正しい順序に並べます。(3 つ選択してください。)",,正しい順に並べてください,3,代替の言い回しを追加し、再トレーニング後に再公開します。,True,"{""mode"": ""sequence"", ""required_items"": 3}"
q053,#053,single_choice,不良品識別のためのサービス,"生産ライン上の不良品を識別するための Azure AI ソリューションを設計しています。
リアルタイムのビデオ フィードと、手動で承認または拒否されるサンプル製品の画像ライブラリがあります。
次の要件を満たすサービスを推奨する必要があります。
ビデオ映像を監視し、不良品を識別します。
画像ライブラリを使用して新しいモデルをトレーニングできます。
開発の労力を最小限に抑えます。
何をお勧めしますか?",,1つ選択してください,1,画像ライブラリで学習し、不良品分類を行うには Azure AI カスタムビジョンが適しています。,True,{}
q054,#054,dropdown,リレーショナルデータの保存形式,"文を正しく完成させる答えを選択してください。

リレーショナルデータは <select01> に保存されます。",,ドロップダウンを選択してください,1,リレーショナルデータは表形式で管理します。,False,{}
q055,#055,dropdown,自動通話処理システムのサービス選択,"発信者の母国語で応答できる自動通話処理システムを開発する必要があります。このシステムはフランス語と英語のみをサポートします。
各要件を満たすには、どの Azure Cognitive Services サービスを使用すべきでしょうか？ 回答するには、回答エリアで適切なオプションを選択してください。各選択肢は 1 回、複数回、またはまったく使用されない場合があります。
注意: 正しい選択ごとに 1 ポイントが付与されます。

着信言語を検出します:<select01>。
発信者の母国語で応答します:<select02>。",,各要件に適切なサービスを選択してください,2,着信言語の検出は Speech to Text、応答は Text to Speech を使います。,False,{}
q056,#056,single_choice,画像記事からのテキスト抽出,スキャンした雑誌記事100万件を収録したアプリを開発しています。各記事は画像ファイルとして保存されます。画像からテキストを抽出するようにアプリを設定する必要があります。ソリューションは開発工数を最小限に抑える必要があります。ソリューションにはどのようなものを含めるべきですか？,,1つ選択してください,1,大量の画像からの OCR にはコンピュータビジョンの読み取り API を使います。,True,{}
q057,#057,single_yesno,Search の private endpoint 構成,"注: この問題は、同じシナリオを提示する一連の問題の一部です。一連の問題にはそれぞれ、定められた目標を満たす可能性のある独自の解答が含まれています。問題セットによっては、複数の正解が存在する場合もあれば、正解がない場合もあります。
このセクションの質問に回答した後は、その質問に戻ることはできません。そのため、これらの質問はレビュー画面に表示されません。
vm1 という Azure 仮想マシン上で実行される app1 という Web アプリを作成します。vm1 は、vnet1 という Azure 仮想ネットワーク上にあります。
service1 という名前の新しい Azure Cognitive Search サービスを作成する予定です。
パブリック インターネット経由でトラフィックをルーティングせずに、app1 が service1 に直接接続できることを確認する必要があります。",,はい / いいえ を選択してください,1,service1 と private endpoint を vnet1 にデプロイすれば要件を満たします。,False,{}
q058,#058,drag_drop,Azure OpenAI Studio での展開手順,"AH という名前の Azure OpenA1 リソースを含む Azure サブスクリプションがあります。
AM を使用してプレス リリースを書き込む App1 というアプリを構築する予定です。
アプリケーション用の Azure OpenA1 モデルをデプロイする必要があります。ソリューションでは開発の労力を最小限に抑える必要があります。
Azure OpenAI Studio で順番に実行する必要がある 3 つのアクションはどれですか。回答するには、適切なアクションをアクション リストから回答領域に移動し、正しい順序に並べます。",,正しい順に並べてください,3,GPT-35 Turbo を展開し、Marketing Writing Assistant テンプレートを適用してから Web アプリへデプロイします。,True,"{""mode"": ""sequence"", ""required_items"": 3}"
q059,#059,dropdown,SQL Server IaaS の基盤,"文を正しく完成させる答えを選択してください。

Azure 上の Microsoft SQL Server の Infrastructure as a Service (IaaS) インスタンスでは、SQL Server をホストする <select01> を管理します。",,ドロップダウンを選択してください,1,SQL Server IaaS は SQL Server をホストする仮想マシンを管理します。,False,{}
q060,#060,multi_yesno,Text Analytics コンテナーの動作,次のコマンドを実行します。,"docker run --rm -it -p 5000:5000 --memory 10g --cpus 2
mcr.microsoft.com/azure-cognitive-services/textanalytics/sentiment
Eula=accept
Billing={ENDPOINT_URI}
ApiKey={API_KEY}",各文について はい / いいえ を選択してください,3,status はローカルの健全性確認で、ログ プロバイダーはログを書き込み、swagger では利用可能なエンドポイント情報を確認できます。,False,{}
q061,#061,single_choice,Bot Framework Composer のスコープ,"展示に示されているように、Microsoft Bot Framework Composer を使用してチャットボットを構築しています。([展示] タブをクリックします。)

チャットボットには、GetUserDetails という名前のダイアログが含まれています。GetUserDetails には、ユーザーに名前の入力を求める TextInput コントロールが含まれています。
ユーザー入力は、name という名前のプロパティに保存されます。
最後のアクティブなダイアログが終了したときにプロパティを破棄できることを確認する必要があります。
名前にどのスコープを割り当てる必要がありますか?",,1つ選択してください,1,ダイアログ終了時に破棄したいので dialog スコープを使います。,True,{}
q062,#062,drag_drop,Custom Vision で欠陥分類を学習,"工場の生産ラインで製造された部品の欠陥を認識するアプリケーションを開発しています。これらの部品は、あなたの事業に特有のものです。
一般的な障害を検出するには、Custom Vision API を使用する必要があります。
順番に実行する必要がある 3 つのアクションはどれですか。回答するには、適切なアクションをアクション リストから回答領域に移動し、正しい順序に並べます。",,正しい順に並べてください,3,Custom Vision では、プロジェクト作成→画像アップロードとタグ付け→分類器トレーニングの順です。,True,"{""mode"": ""sequence"", ""required_items"": 3}"
q063,#063,drag_drop,Bot の Azure CLI デプロイ順,"JavaScript でボットを構築します。
Azure コマンド ライン インターフェイス (CLI) から、次のコマンドを実行します。
ボットの準備と展開
ボットを Azure にデプロイする必要があります。
どの 3 つの Azure CLI コマンドを順番に実行する必要がありますか? 回答するには、適切なコマンドをコマンド リストから回答領域に移動し、クライアントの順序で並べます。",,正しい順に並べてください,3,アプリ登録を作成し、ARM デプロイを行い、最後に ZIP で Web App へ展開します。,True,"{""mode"": ""sequence"", ""required_items"": 3}"
q064,#064,dropdown,Computer Vision の smart cropping URL,"米国西部 Azure リージョンでホストされている contoso1 という名前の Computer Vision リソースがあります。
スマート クロッピング機能を使用して製品写真のサイズを変更するには、contoso1 を使用する必要があります。
API URL はどのように入力すればよいですか? 回答するには、回答領域で適切なオプションを選択してください。
注意: 正しい選択ごとに 1 ポイントが付与されます。","curl -H ""Ocp-Apim-Subscription-Key: xxx""
-o ""sample.png"" -H ""Content-Type: application/json""
<select01>/vision/v3.1/<select02>?width=100&height=100&smartCropping=true
-d ""{\""url\"":\""https://upload.litwareinc.org/litware/bicycle.jpg\""}""",各ドロップダウンを選択してください,2,カスタム subdomain エンドポイントと generateThumbnail を使います。,False,{}
q065,#065,single_choice,Foundry SDK での接続設定,"Project1 という名前の Microsoft Foundry プロジェクトがあります。
生成 AI モデルを使用して Project1 に接続し、チャットを行う App1 という名前のアプリを作成する予定です。
Microsoft Foundry SDKを使用してApp1をProject1に接続する必要があります。このソリューションは開発労力を最小限に抑える必要があります。
App1 では何を設定する必要がありますか?",,1つ選択してください,1,Foundry SDK を使うなら AIProjectClient オブジェクトを設定するのが最小です。,True,{}
q066,#066,drag_drop,感情分析コンテナーのオンプレ展開,"フィードバックを管理するアプリがあります。
Azure Cognitive Service for Language の感情分析 API を使用して、アプリが否定的なコメントを検出できるようにする必要があります。また、管理されたフィードバックが社内ネットワーク上に保持されるようにする必要があります。
順番に実行する必要がある 3 つのアクションはどれですか。回答するには、適切なアクションをアクション リストから回答領域に移動し、正しい順序に並べます。
注意: 複数の回答選択肢の順序が正解です。正解の順序を選択した場合にのみポイントが付与されます。",,正しい順に並べてください,3,Language リソースを Azure 側で作成し、オンプレにコンテナーを配置して、その予測エンドポイントを呼び出します。,True,"{""mode"": ""sequence"", ""required_items"": 3}"
q067,#067,single_yesno,Safety メタプロンプトでの最適化可否,"All という名前の Azure OpenAI リソースと CS1 という名前の Azure AI Content Safety リソースを含む Azure サブスクリプションがあります。
All を使用して特定の質問に対する生成的な回答を提供し、CS1 を使用して入力と出力に不適切なコンテンツがないかチェックするチャットボットを構築します。
サンプルの質問に対してテストを実行して、コンテンツ フィルターの構成を最適化する必要があります。",,はい / いいえ を選択してください,1,Safety メタプロンプト機能はこの要件を満たしません。,False,{}
q068,#068,single_choice,微調整用データファイル形式,"Azure OpenAI モデルがあります。
モデルを微調整するためのトレーニング データとして使用される 500 個のプロンプト補完ペアがあります。
トレーニングデータを準備する必要があります。
トレーニング データ ファイルにはどの形式を使用する必要がありますか?",,1つ選択してください,1,ファインチューニング用データは JSONL 形式を使います。,True,{}
q069,#069,single_choice,性的に露骨な画像の防止,"Azure AI を使用して、ユーザーが性的に露骨な画像を共有するのを防ぐ画像共有アプリを構築しています。
不適切な画像が正しく識別されるようにする必要があります。ソリューションは開発の労力を最小限に抑える必要があります。
何を使うべきでしょうか?",,1つ選択してください,1,性的に露骨な画像の検出には Azure AI コンテンツ セーフティ スタジオが適しています。,True,{}
q070,#070,single_choice,Wiki コンテンツ処理の構成,"Azure Cognitive Search を使用してナレッジベースを開発しています。
技術要件を満たすには、Wiki コンテンツを処理する必要があります。
ソリューションには何を含めるべきですか?",,1つ選択してください,1,Wiki コンテンツを Cosmos DB から取り込み、ドキュメント抽出と翻訳を含むスキルセットを構成します。,True,{}
q071,#071,single_choice,Speech Studio への音声サンプルのアップロード,音声サンプルを Speech Studio プロジェクトにアップロードする必要があります。サンプルをどのようにアップロードする必要がありますか？,,1つ選択してください,1,Speech Studio では、.wav 音声と対応する文字起こしを含む .zip を使う構成が適しています。,True,{}
q072,#072,multi_choice,QnA Maker で URL からナレッジ ベースを作成,"URL の配列からナレッジ ベースを作成する Azure WebJob を構築しています。
関連する API キーを持つ QnAMakerClient オブジェクトをインスタンス化し、そのオブジェクトを client という名前の変数に割り当てます。
知識ベースを作成するための方法を開発する必要があります。
メソッドに含めるべき 2 つのアクションはどれですか。それぞれの正解は解決策の一部を示しています。
注意: 正しい選択ごとに 1 ポイントが付与されます。",,2つ選択してください,2,CreateKbDTO を組み立てて、Knowledgebase.CreateAsync を呼び出します。,True,{}
q073,#073,single_choice,AI エンリッチメントの高速なインデックス構築,Azure Cognitive Search の AI エンリッチメント パイプラインを含む Azure サブスクリプションと、スキャンされたドキュメントと画像が 10 GB 保存されている Azure ストレージ アカウントがあります。ストレージ アカウント内のドキュメントと画像にインデックスを作成する必要があります。ソリューションは、インデックス構築にかかる時間を最小限に抑える必要があります。どうすればよいでしょうか？,,1つ選択してください,1,並列インデックスを構成してインデックス作成時間を短縮します。,True,{}
q074,#074,single_choice,ExtractKeyPhrases の出力,"次の C# 関数があります。

次のコードを使用して関数を呼び出します。
MyFunction(textAnalyticsClient, ""the quick brown fox jumps over the lazy doc"");

「キーフレーズ」に続いて、どのような出力が得られますか?","static void HyFunction(TextAnalyticsClient textAnalyticsClient, string text)
{
  var response = textAnalyticsClient.ExtractKeyPhrases(text);
  Console.WriteLine(""Key phreses"");

  foreach(string keyphrase in response.Value)
  {
    Console.writeLine($""{keyphrase}"")
  }
}",1つ選択してください,1,ExtractKeyPhrases は意味のある語句を抽出します。,True,{}
q075,#075,single_choice,請求書画像からのデータ抽出,"スキャンされた請求書の画像 5,000 枚を含むファイル共有があります。
画像を分析する必要があります。ソリューションでは以下のデータを抽出する必要があります。
* 請求書項目
* 売上金額
* 顧客の詳細
何を使うべきでしょうか?",,1つ選択してください,1,請求書のような構造化文書からのフィールド抽出にはフォーム認識機能が適しています。,True,{}
q076,#076,dropdown,Azure AI Agent Service で Bing グラウンディングを使う,"Azure AI Agent サービスを使用してエージェントを構築しています。
エージェントが過去 90 日間にリリースされた公開データにアクセスできることを確認する必要があります。
コードをどのように完成させるべきですか? 回答するには、回答エリアで適切なオプションを選択してください。
注意: 正しい選択ごとに 1 ポイントが付与されます。","var connectionId = ""bingConnectionId"";
AgentsClient agentCkient = projectClient.GetAgentsClient();
var connectionList = new ToolConnectionList
{
  connectionList = {new ToolConnection(connectionId)}
};

var grounding = new <select01>(connectionList);
Response<Agent> agentResponse = await agentClient.CreateAgentAsync(
  model: ""gpt-4o"",
  name: ""my-assistant"",
  instructions: ""You are a helpful assistant.""
  <select02> new List<ToolDefinition> { grounding});
  Agent agent = agentResponse.Value;
)",各ドロップダウンを選択してください,2,BingGroundingToolDefinition を作成し、tools: に渡します。,False,{}
q077,#077,drag_drop,Anomaly Detector コンテナーを安全に配布,"テスト用ローカル デバイスとオンプレミス データセンターで、コンテナー化されたバージョンの Anomaly Detector API を使用する予定です。
コンテナ化されたデプロイメントが次の要件を満たしていることを確認する必要があります。
コンテナを実行するデバイスのコマンドライン履歴に課金情報や API 情報が保存されないようにします。
Azure ロールベースのアクセス制御 (Azure RBAC) を使用して、コンテナー イメージへのアクセスを制御します。
どの4つのアクションを順番に実行すべきでしょうか？ 解答するには、アクションリストから適切なアクションを解答エリアに移動し、正しい順序に並べてください。（4つ選択してください。）注：正解の選択肢は複数あります。正解の順序を選択した場合でも、得点は加算されます。",,正しい順に並べてください,4,カスタム Dockerfile とビルド済みイメージを ACR に置き、docker run スクリプトを配布します。,True,"{""mode"": ""sequence"", ""required_items"": 4}"
q078,#078,multi_choice,CLU モデルに追加する要素,"会話型言語理解モデルを構築しています。
モデルが次のサンプル発話をサポートすることを確認する必要があります。
* すべてのライトをオンに設定します。
* リビングルームの照明を消してください。
* 現在のサーモスタットの温度は?
* サーモスタットの温度を 5 度下げます。
モデルに追加する必要がある 3 つの要素はどれですか?
各正解は、ソリューションの一部を示しています。注: それぞれの正しい選択は 1 ポイントの価値があります。",,3つ選択してください,3,設定変更と設定問い合わせのインテント、および対象デバイスのエンティティが必要です。,True,{}
q079,#079,dropdown,Content Safety で憎悪カテゴリを確認,"resource1 という名前の Azure AI Foundry Content Safety リソースを含む Azure サブスクリプションがあります。
resource1 を使用してテキストを分析するアプリを構築しています。
憎悪的な内容を含むテキストを識別する必要があります。
コードをどのように完成させるべきですか? 回答するには、回答エリアで適切なオプションを選択してください。
注意: 正しい選択ごとに 1 ポイントが付与されます。","client = ContentSafetyClient(endpoint, AzureKeyCredential(key))
request = AnalyzeTextOptions(text=""Some animals are more equal than others"")
# Analyze text
try:
  reposonse = client.analyze_text(request)
except Htt[ResponseError as e:
  print(""Analyze text failed."")
  raise
hate_result = next(ite, for item in response.<select01> if item.category == TextCategory.HATE)
if hate_result:
  print(f""Hate severity: <select02>"")",各ドロップダウンを選択してください,2,categories_analysis から HATE カテゴリを取り出し、severity を表示します。,False,{}
q080,#080,single_choice,休暇申請アプリに適したダイアログ,"休暇申請を行うためのアプリの会話型インターフェースを設計しています。このインターフェースでは、以下のデータを収集する必要があります。
* 休暇の開始日
* 休暇の終了日
* 必要な有給休暇の量
ソリューションではダイアログの複雑さを最小限に抑える必要があります。どのような種類のダイアログを使用すべきでしょうか？",,1つ選択してください,1,順番に必要項目を聞いていく単純な入力収集には Waterfall ダイアログが適しています。,True,{}
q081,#081,drag_drop,ドキュメント翻訳の非同期実行手順,"ドイツ語の Microsoft Word 文書と PowerPoint プレゼンテーションのコレクションがあります。
ファイルをフランス語に翻訳するためのソリューションを作成する必要があります。ソリューションは以下の要件を満たす必要があります。
* ファイルの元のフォーマットを保持します。
* カスタム用語集の使用をサポートします。
ドイツ語ファイル用とフランス語ファイル用の BLOB コンテナを作成します。元のファイルはドイツ語ファイル用のコンテナにアップロードします。
アクションのリストから、回答エリアに順番にアクションを実行し、正しい順序に並べるには、どの 3 つのアクションを実行する必要がありますか。",,正しい順に並べてください,3,翻訳先コンテナに用語集を置き、ドキュメント翻訳仕様を定義して非同期翻訳を実行します。,True,"{""mode"": ""sequence"", ""required_items"": 3}"
q082,#082,dropdown,Translator SDK で英語へ翻訳,"Foundry Tools サービスで Azure Translator を使用するメッセージ処理システムを構築しています。
受信メッセージが英語に翻訳されていることを確認する必要があります。
コードをどのように完成させるべきですか? 回答するには、回答エリアで適切なオプションを選択してください。
注意: 正しい選択ごとに 1 ポイントが加算されます。","using Azure;
using Azure.AI.Translation.Text;

AzureKeyCredential credential = new(translatorKey);
<select01> client = new(credential, translatorRegion);

var translationResponse = await <select02>
  targetLanguage, InputText).ConfigureAwait(false);

var translation = translationResponse.Value[0];

Console.WriteLine(translation.Translations[0].Text);",各ドロップダウンを選択してください,2,TextTranslationClient を生成し、client.TranslateAsync(...) を呼び出します。,False,{}
q083,#083,single_choice,質問応答のマルチターン設定,"Azure AI Language でカスタム質問応答プロジェクトを開発します。このプロジェクトはチャットボットで使用されます。
マルチターンの会話を行うようにプロジェクトを設定する必要があります。どうすればよいでしょうか？",,1つ選択してください,1,マルチターンはフォローアッププロンプトで構成します。,True,{}
q084,#084,single_choice,regenerateKey 要求の結果,"次の HTTP リクエストを正常に実行しました。
POST https://management.azure.com/subscriptions/18c51a87-3a69-47a8-aedc-a54745f708a1/resourceGroups/RG1/providers/Microsoft.CognitiveServices/accounts/contosol/regenerateKey?api-version=2017-04-18 Body{""keyName"": ""Key2""}
要求の結果は何ですか?",,1つ選択してください,1,keyName が Key2 なので、セカンダリ サブスクリプション キーが再生成されます。,True,{}
q085,#085,single_choice,Bot Framework SDK と QnA Maker の統合設定,"チャットボットを開発しています。
次のコンポーネントを作成します。
* QnA Maker リソース
* Azure Bot Framework SDK を使用したチャットボット。
チャットボットの要件を満たすには、コンポーネントを統合する必要があります。
どのプロパティを使用する必要がありますか?",,1つ選択してください,1,応答ランキング方式を制御するのは QnAMakerOptions.RankerType です。,True,{}
q086,#086,single_choice,AI Agent Service のプロジェクト作成先,"Azure OpenAI リソースを含む Azure サブスクリプションがあります。
Azure AI Agent Service を使用してエージェントを構築する予定です。エージェントは以下のアクションを実行します。
* ユーザーからの書面および口頭での質問を解釈します。
* 質問に対する回答を生成します。
* 回答を音声で出力します。
エージェント用のプロジェクトを作成する必要があります。
何を使うべきでしょうか?",,1つ選択してください,1,Agent Service のプロジェクトは Azure AI Foundry で作成します。,True,{}
q087,#087,dropdown,注文状況案内で使う音声 API オブジェクト,"注文状況に関する顧客からの電話に応答するアプリを構築しています。このアプリは、データベースに注文の詳細を照会し、顧客に音声で回答します。
使用する Azure AI サービス API を特定する必要があります。ソリューションは開発労力を最小限に抑える必要があります。
各要件にはどのオブジェクトを使用する必要がありますか? 回答するには、回答領域で適切なオプションを選択してください。
注意: 正しい選択ごとに 1 ポイントが付与されます。

顧客からの電話をテキストクエリに変換します:<select01>。
顧客に注文の詳細を提供します:<select02>。",,各ドロップダウンを選択してください,2,音声入力は SpeechRecognizer、音声出力は SpeechSynthesizer を使います。,False,{}
q088,#088,single_yesno,価格質問応答の失敗をエンティティ作成で解決できるか,"Azure Cognitive Service for Language の質問回答を使用するチャットボットを構築しています。
製品カタログと価格表が含まれる Docl.pdf という名前の PDF があります。Docl.pdf をアップロードしてモデルをトレーニングします。
テスト中に、チャットボットが「<製品>の価格はいくらですか?」という質問に正しく応答するとユーザーから報告されています。
チャットボットは、次の質問「<製品* の価格はいくらですか?」に応答できません。
チャットボットが両方の質問に正しく応答することを確認する必要があります。
解決策: Language Studio からコストのエンティティを作成し、モデルを再トレーニングして再公開します。
これは目標を満たしていますか?",,はい / いいえ を選択してください,1,質問応答ではエンティティ作成ではなく、別表現やソース改善が必要です。,False,{}
q089,#089,dropdown,受信メールの言語判定 API URL,"受信メールを処理し、メール メッセージをフランス語または英語のサポート チームに直接送信するアプリを構築しています。
どの Azure Cognitive Services API を使用すればよいですか? 回答するには、回答領域で適切なオプションを選択してください。
注意: 正しい選択ごとに 1 ポイントが付与されます。",https://<select01><select02>,各ドロップダウンを選択してください,2,言語判定は Language API の /languages エンドポイントを使います。,False,{}
q090,#090,single_choice,メッセージ言語のリアルタイム識別,"ソーシャル メディア メッセージング アプリを構築しています。
メッセージで使用されている言語をリアルタイムで識別する必要があります。",,1つ選択してください,1,言語識別は Azure AI 言語の機能です。,True,{}
q091,#091,dropdown,道路標識画像の識別と分析サービス,"画像が 100,000 枚あります。
次のアクションを実行するアプリを構築する必要があります。
* 画像内の道路標識を識別し、各道路標識の簡単な説明を生成します。
* 説明を分析して、さまざまな種類の道路標識と、各種類の出現頻度に関するレポートを生成します。
ソリューションではコストを最小限に抑える必要があります。
各アクションには何を使用すればよいですか? 回答するには、回答領域で適切なオプションを選択してください。
注意: 正しい選択ごとに 1 ポイントが付与されます。

道路標識を識別し、それぞれの道路標識の簡単な説明を生成します:<select01>。
説明を分析して、さまざまな種類の道路標識と、それぞれの種類の出現頻度に関するレポートを生成します:<select02>。",,各ドロップダウンを選択してください,2,画像理解は Azure AI Vision、テキスト集計と軽量分析は Azure AI Phi-3-mini が適しています。,False,{}
q092,#092,dropdown,Azure OpenAI で企業データを使う拡張設定,"Azure OpenAI を使用して応答を生成するチャットボットがあります。
Chat Playgroundを使用して企業データをアップロードする必要があります。このソリューションでは、チャットボットがユーザーの質問に答えるためにデータを確実に使用する必要があります。
コードをどのように完成させるべきですか? 回答するには、回答エリアで適切なオプションを選択してください。
注意: 正しい選択ごとに 1 ポイントが付与されます。","var options = new <select01>
{
  Messages =
  {
    new ChatMessage(ChatRole.User, ""What are the differences between Azure Machine Learning and Azure AI services?""),
  },
  Extensions =
  {
    new <select02>
  }
  SearchKey = new AzureKeyCredential(searchKey),
  IndexName = SearchKey
}",各ドロップダウンを選択してください,2,ChatCompletionsOptions と AzureCognitiveSearchChatExtensionConfiguration を使って検索拡張を構成します。,False,{}
q093,#093,single_choice,ディメンションモデルを使うレポートの処理種別,あなたの会社には、レポートをページングした植え替えソリューションがあります。レポートは、データウェアハウス内のディメンションモデルをクエリします。レポートソリューションはどのタイプの処理を使用しますか？,,1つ選択してください,1,データウェアハウス上のディメンションモデルを分析する処理は OLAP です。,True,{}
q094,#094,single_yesno,friendly chitchat への変更で形式的な応答になるか,"注: この問題は、同じシナリオを提示する一連の問題の一部です。一連の問題にはそれぞれ、定められた目標を満たす可能性のある独自の解答が含まれています。問題セットによっては、複数の正解が存在する場合もあれば、正解がない場合もあります。
このセクションの質問に回答した後は、その質問に戻ることはできません。そのため、これらの質問はレビュー画面に表示されません。
Azure Cognitive Service for Language で質問応答を使用するチャットボットがあります。ユーザーから、偽の質問に答えるときにチャットボットの応答が形式的でないという報告があります。チャットボットが偽の質問に対して正式な応答を返すようにする必要があります。
解決策: Language Studio から、chitchat ソースを qna_chitchit_friindly.tsv に変更し、モデルを再トレーニングして再公開します。
これは目標を満たしていますか?",,はい / いいえ を選択してください,1,friendly ソースでは形式的にはならないため、要件は満たしません。,False,{}
q095,#095,drag_drop,Custom Vision で新製品を追加する手順,"Azure AIとカスタムトレーニング済みの分類器を使用して画像内の商品を識別するアプリがあります。分類器に新しい商品を追加する必要があります。ソリューションは以下の要件を満たす必要があります。
* 製品の追加にかかる時間を最小限に抑える
* 開発の労力を最小限に抑えます。
順番に実行する必要がある 5 つのアクションはどれですか。回答するには、適切なアクションをアクション リストから回答領域に移動し、正しい順序に並べます。",,正しい順に並べてください,5,Custom Vision プロジェクトを開き、画像追加・ラベル付け・再学習・公開の順です。,True,"{""mode"": ""sequence"", ""required_items"": 5}"
q096,#096,multi_yesno,Bot Framework の state accessor と保持期間,"Microsoft Bot Framework SDK を使用してチャットボットを構築しています。
ユーザー プロファイル情報を保存するには UserProfile というオブジェクトを使用し、会話に関連する情報を保存するには ConversationData というオブジェクトを使用します。
両方のオブジェクトを状態に格納するには、次の状態アクセサーを作成します。
var userStateAccessors = _userState.CreateProperty<UserProfile>(nameof(UserProfile)); var conversationStateAccessors = _conversationState.CreateProperty<ConversationData>(nameof(ConversationData)); 状態ストレージ メカニズムは、メモリ ストレージに設定されています。
以下の各文について、正しい場合は「はい」を選択してください。そうでない場合は「いいえ」を選択してください。
注意: 正しい選択ごとに 1 ポイントが付与されます。",,各文について はい / いいえ を選択してください,3,アクセサーは UserProfile と ConversationData を管理しますが、メモリ ストレージはランタイム終了後に保持されません。,False,{}
q097,#097,dropdown,Content Safety でメッセージ分析するコード,"Foundry コントロール プレーン リソースのコンテンツ セーフティを含む Azure サブスクリプションがあります。
ソーシャル メディア メッセージング アプリを構築しています。
メッセージを分析し、不適切な内容を含むメッセージにフラグを立てるソリューションを構築する必要があります。
コードをどのように完成させるべきですか? 回答するには、回答エリアで適切なオプションを選択してください。
注意: 正しい選択ごとに 1 ポイントが加算されます。","public static Analyze(dynamic client, string text)
{
  var request = new <select01>
  return <select02>
}",各ドロップダウンを選択してください,2,AnalyzeTextOptions を作成し、client.AnalyzeText(request) を呼び出します。,False,{}
q098,#098,single_choice,PPE 遵守監視に適したサービス,"食品を生産する工場を所有しています。
従業員の個人用保護具（PPE）要件遵守状況を監視するための監視ソリューションを構築する必要があります。ソリューションは以下の要件を満たす必要があります。
* マスクや安全メガネを外しているスタッフを特定します。
* 15 分ごとにコンプライアンス チェックを実行します。
* 開発の労力を最小限に抑えます。
* コストを最小限に抑えます。
どのサービスを利用すべきでしょうか?",,1つ選択してください,1,定期的な画像ベースの PPE チェックはコンピュータービジョンが最も軽量です。,True,{}
q099,#099,single_choice,リレーショナルデータベースの主な特徴,リレーショナルデータベースの主な特徴は何ですか？,,1つ選択してください,1,リレーショナルデータベースは SQL 系言語で照会・操作するのが基本です。,True,{}
q100,#100,dropdown,Azure OpenAI へのアクセス方法とデプロイ接続方法,"A1 AH という Azure OpenA1 リソースがあり、GPT 3.5 モデルの 3 つのデプロイメントをホストしています。各デプロイメントは、固有のワークロードに合わせて最適化されています。
3つのアプリをデプロイする予定です。各アプリはREST APIを使用してAMにアクセスし、アプリの想定ワークロードに合わせて最適化されたデプロイメントを使用します。
各アプリにAHへのアクセスと適切な導入を提供する必要があります。ソリューションでは、アプリのみがAMにアクセスできるようにする必要があります。
AM へのアクセスを提供するには何を使用すればよいですか。また、各アプリは適切なデプロイメントに接続するために何を使用すればよいですか。回答するには、回答領域で適切なオプションを選択してください。
注意: 正しい選択ごとに 1 ポイントが付与されます。

<select01> を使用して Al1 へのアクセスを提供します。
<select02> を使用してデプロイメントに接続します。",,各ドロップダウンを選択してください,2,アクセス制御には bearer token、個別デプロイメント指定には deployment name を使います。,False,{}
q101,#101,single_choice,Language Service REST URL の確認,Azure Cognitive Service for Language リソースを含む Azure サブスクリプションをお持ちです。Language Service の REST インターフェイスの URL を確認する必要があります。Azure Portal のどのブレードを使用すればよいですか？,,1つ選択してください,1,Language Service の REST URL は「キーとエンドポイント」から確認します。,True,{}
q102,#102,single_yesno,Content Safety Studio でのテスト,"All という名前の Azure OpenAl リソースと CS1 という名前の Azure Al Content Safety リソースを含む Azure サブスクリプションがあります。
All を使用して特定の質問に対する生成的な回答を提供し、CS1 を使用して入力と出力に不適切なコンテンツがないかチェックするチャットボットを構築します。サンプルの質問に対してテストを実行して、コンテンツ フィルターの構成を最適化する必要があります。
解決策: Content Safety Studio から、テキスト コンテンツのモデレート機能を使用してテストを実行します。
これは要件を満たしていますか?",,はい / いいえ を選択してください,1,テキスト コンテンツのモデレート機能を使ったテストで要件を満たします。,False,{}
q103,#103,single_choice,単一エンドポイントでの Decision API / Language API,"Decision API と Language API を使用するアプリを開発しています。
アプリのリソースをプロビジョニングする必要があります。ソリューションでは、各サービスに単一のエンドポイントと資格情報を使用してアクセスできるようにする必要があります。
どのようなタイプのリソースを作成する必要がありますか?",,1つ選択してください,1,複数サービスを単一エンドポイントと資格情報で扱うには Azure Cognitive Services マルチサービス リソースを使用します。,True,{}
q104,#104,drag_drop,Custom Vision 再学習の流れ,"モバイル アプリで使用される Custom Vision モデルをトレーニングします。
関連データのない新しい画像 1,000 枚を受け取ります。
モデルを再学習させるには画像を使用する必要があります。ソリューションは、モデルの再学習にかかる時間を最小限に抑える必要があります。
Custom Vision ポータルで実行する必要がある 3 つのアクションはどれですか。回答するには、適切なアクションをアクション リストから回答領域に移動し、正しい順序に並べます。",,正しい順に並べてください,3,画像を一括アップロードし、タグ提案を使って確認・確定するのが最短です。,True,"{""mode"": ""sequence"", ""required_items"": 3}"
q105,#105,multi_yesno,ブランドロゴ検出コードの評価,"Computer Vision API の呼び出しから取得した結果を検証するためのテストメソッドを開発します。この呼び出しは、画像内の企業ロゴの存在を分析するために使用されます。この呼び出しは、brands という名前のブランドコレクションを返します。
次のコード セグメントがあります。

以下の各文について、正しい場合は「はい」を選択してください。そうでない場合は「いいえ」を選択してください。
注意: 正しい選択ごとに 1 ポイントが付与されます。","foreach(var brand in brands)
{
  if (brand.Cinfidence >= .75)
    Console.WriteLine($""Logo of {brand.Name} between {brand.Rectangle.X},
    {brand.Rectangle.Y} and {brand.Rectangle.W}, {brand.Rectangle.H}"");
}",各文について Yes / No を選択してください,3,"75%以上のブランド名は出力しますが、座標は左下や右下そのものではなく X,Y と幅・高さです。",False,{}
q106,#106,single_choice,Translator REST API ヘッダー,"Translator1 という名前のマルチサービス Azure Cognitive Services Translator リソースを含む Azure サブスクリプションがあります。
Translator1 を使用してテキストとドキュメントを翻訳するアプリを構築しています。
アプリの REST API リクエストを作成する必要があります。
リクエストにはどのヘッダーを含める必要がありますか?",,1つ選択してください,1,Translator の REST API ではサブスクリプションキー、サブスクリプションリージョン、コンテンツタイプを使います。,True,{}
q107,#107,single_yesno,オンライン アクティビティ監視でのテスト,"All という名前の Azure OpenAI リソースと CS1 という名前の Azure Al Content Safety リソースを含む Azure サブスクリプションがあります。
All を使用して特定の質問に対する生成的な回答を提供し、CSl を使用して入力と出力に不適切なコンテンツがないかチェックするチャットボットを構築します。
サンプルの質問に対してテストを実行して、コンテンツ フィルターの構成を最適化する必要があります。
解決策: Content Safety Studio から、オンライン アクティビティの監視機能を使用してテストを実行します。これは要件を満たしていますか?",,はい / いいえ を選択してください,1,オンライン アクティビティ監視はテスト実行による最適化用途ではありません。,False,{}
q108,#108,dropdown,Semantic Kernel の関数呼び出し設定,"セマンティックカーネルを使用してエージェントを構築します。エージェントはカスタムプラグインを使用します。エージェントが以下の要件を満たしていることを確認する必要があります。
* エージェントは関数呼び出しを使用する必要があります。
* 指示に一致するすべての機能をトリガーする必要があります。
* ユーザーが関数内のすべての必須パラメータを指定しなかった場合、エージェントはそれを要求する必要があります。
コードをどのように完成させるべきですか? 回答するには、回答の中で適切なオプションを選択してください。注: 正しい選択ごとに 1 ポイントが加算されます。","agentKernel1.<select01>(""Prompt instructions"");
new ChatCompletionAgent(){
  Name = ""<agent name>"",
  Instructions = ""<agent instructions>"",
  Kernel = agentKernel,
  Arguments = new LernelArguments(
    new OpenAIPromptExecutionSettings() {
      FunctionChoiceBehavior = <select02>
    }
  )
};",各ドロップダウンを選択してください,2,プロンプトから関数を作成し、FunctionChoiceBehaviour.Required で必須パラメータ確認付きの関数呼び出しを行います。,False,{}
q109,#109,dropdown,Content Safety SDK のクライアント作成,"CS1 という Azure AI コンテンツ セーフティ リソースを含む Azure サブスクリプションがあります。有害なコンテンツを含むリクエストを識別するには、SDK を使用して CS1 を呼び出す必要があります。コードはどのように完成させるべきでしょうか？ 回答するには、回答エリアで適切なオプションを選択してください。
注: 正解ごとに1ポイント獲得","var client = new <select01>(new Uri(endpoint), new AzureKeyCredential(key));
var request = new <select02>(""what is the weather forecast for seattle"");
Response<AnalyzeTextResult> response;
response = client.AnalyzeText(request);",各ドロップダウンを選択してください,2,クライアントは ContentSafetyClient、テキスト分析要求は AnalyzeTextOptions を使います。,False,{}
q110,#110,dropdown,Translator SDK のテキスト翻訳コード,"Azure Al Translator サービスを使用して翻訳を実行するアプリを構築しています。
アプリがユーザー入力のテキストを翻訳することを確認する必要があります。
コードをどのように完成させるべきですか? 回答するには、回答エリアで適切なオプションを選択してください。
注意: 正しい選択ごとに 1 ポイントが付与されます。","while (true)
{
  Cosole.WriteLine(""Enter text to translate or 'exit':"");
  string input = Console.Readline();
  if (input.ToLower() == 'exit') break;
  Response<IReadOnlyList<TranslatedTextItem>> translationResponse = 
    await client.TranslateAsync <select01>.ConfigureAwait(false);
  IReadOnlyList<TranslatedTextItem> translations = translationResponse.Value;
  TranslatedTextItem translation = translation[0];
  string sourceLanguage = translation?.DetectedLanguage?.Language;
  Console.WriteLine($""'{input}' translated from {sourceLanguage} to {translation?.Translations[0].To} as <select02>"")
}",各ドロップダウンを選択してください,2,"TranslateAsync(targetLanguage, input) を呼び、翻訳結果の Text を出力します。",False,{}
q111,#111,multi_yesno,医療データ分析レスポンスの評価,"Azure AI Document Intelligence を使用して患者の医療データを分析する App1 というアプリがあります。App1 にリクエストを送信すると、次のレスポンスが返されます。

選択されたモデルは、意図したユースケースに適しています。
テキストコンテンツは70%以上の信頼度で認識されました。
フォーム要素は70%以上の信頼度で認識されました。","{
  ""status"": ""succeeded"",
  ""createdDateTime"": ""2023-09-14T21:01:02Z"",
  ""lastUpdatedDateTime"": ""2023-09-14T21:01:03Z"",
  ""analyzeResult"": {
    ""apiVersion"": ""2023-07-31"",
    ""modelId"": ""prebuilt-healthInsuranceCard.us"",
    ""stringIndexType"": ""utf16CodeUnit"",
    ""content"": ""Blood Pressure 118/72"",
    ""pages"": [
      {
      ...
      ""words"": [
      
      ]
      }
    ]
    """": """",
    """": """",

  }
  """": """",
}",各文について Yes / No を選択してください,3,レスポンスは healthInsuranceCard モデルですが、内容は血圧のテキストで、フォーム要素の信頼度も示されていません。,False,{}
q112,#112,dropdown,ワークロード種類とシナリオの対応付け,"ワークロードの種類を適切なシナリオに一致させます。
回答するには、左側の列から適切なワークロードタイプを右側のシナリオにドラッグしてください。各ワークロードタイプは、1回、複数回、またはまったく使用されない場合があります。
注意: 正解ごとに 1 ポイントが加算されます。

<select01>:製品カタログのデータは12時間ごとにデータウェアハウスにロードされます。
<select02>:オンライン購入に関するデータセットは毎秒数千個がリアルタイムでデータウェアハウスにロードされます。
<select03>:在庫データの更新は100万件のトランザクションごとにデータウェアハウスにロードされます。",,各シナリオに対応するワークロードタイプを選択してください,3,12時間ごとのロードは Batch、リアルタイム投入は Streaming、100万件単位の更新は Batch です。,False,"{""placeholders"": [""select01"", ""select02"", ""select03""]}"
q113,#113,multi_yesno,Azure AI Vision 画像分析コードの評価,"Azure Al Vision クライアントライブラリを使用するアプリケーションを開発しています。アプリケーションのコードは次のとおりです。

以下の各文について、正しい場合は「はい」を選択してください。そうでない場合は「いいえ」を選択してください。
注意: 正しい選択ごとに 1 ポイントが付与されます。","def analyze_image(local_image):
  with open(local_image, ""rb"") as image_stream:
  image_analysis = Client.Analyze_image_in_stream(
    image=image_stream,
    visual_features=[
      VisualFeatureTypes.tags,
      VisualFeatureTypes.description
    ]
  )
  for caption in image_analysis.description.captions:
    print(f""
{caption.text} with confidence {caption.confidence}"")
  for tag in image_analysis.tags:
    print(f""
{tag.name} with confidence {tag.confidence}"")",各文について Yes / No を選択してください,3,指定されているのは tags と description なので、顔認識は行わず、ローカルファイルを読み込んでタグと信頼度を出力します。,False,{}
q114,#114,single_choice,Agent Service にアップロードできる最大ファイルサイズ,"ユーザーがアップロードした複数のファイルを結合して処理するエージェントを構築する予定です。
エージェントを開発するために Azure Al Agent サービスを使用するかどうかを評価しています。
サービスにアップロードできるファイルの最大サイズはどれくらいですか?",,1つ選択してください,1,ユーザー指定の回答をそのまま反映しています。,True,{}
q115,#115,single_choice,データベーストランザクションの保持に関するプロパティ,予期しないオペレーティングシステムの再起動時にデータベースへのトランザクションの変更が保持されることを保証するデータベーストランザクションプロパティはどれですか？,,1つ選択してください,1,ユーザー指定の正解をそのまま反映しています。,True,{}
q116,#116,single_choice,非リレーショナルなファイル格納向けデータストア,テキストファイル、ビデオ、オーディオストリーム、および仮想ディスクイメージの保存と取得に最適化された非リレーショナルデータストアを推奨する必要があります。データストアには、データ、一部のメタデータ、および各ファイルの一意のIDを保存する必要があります。どのタイプのデータストアをお勧めしますか？,,1つ選択してください,1,大きなバイナリやファイル指向データにはオブジェクト ストアが適しています。,True,{}
q117,#117,drag_drop,質問応答プロジェクトのリージョン移行手順,"Azure Cognitive Service for Language に質問回答プロジェクトがあります。
プロジェクトを別の Azure リージョンの言語サービス インスタンスに移動する必要があります。
順番に実行する必要がある 3 つのアクションはどれですか。回答するには、適切なアクションをアクション リストから回答領域に移動し、正しい順序に並べます。",,正しい順に並べてください,3,元環境でエクスポートし、新環境でインポートした後にトレーニングして公開します。,True,"{""mode"": ""sequence"", ""required_items"": 3}"
q118,#118,single_choice,Azure OpenAI にカスタムデータソースを追加できる最小権限ロール,"AI1 という名前の Azure OpenAI リソースと User1 という名前のユーザーを含む Azure サブスクリプションがあります。
User1 が AI1 にカスタムデータソースを追加できるようにする必要があります。このソリューションは、最小権限の原則に従う必要があります。
User1 に割り当てるべきロールはどれですか?",,1つ選択してください,1,ユーザー指定の正解をそのまま反映しています。,True,{}
q119,#119,single_choice,DML の例,データ操作言語（DML）の例はどれですか？,,1つ選択してください,1,UPDATE は DML に分類されます。,True,{}
q120,#120,multi_choice,Custom Question Answering にインポートできるファイル形式,"QA1 という名前の Azure Al Language カスタム質問応答プロジェクトが含まれる Azure サブスクリプションがあります。
質問と回答のペアを QA1 にインポートする必要があります。
どの 2 つのファイル形式を使用できますか? それぞれの正解は完全なソリューションを示します。注: 正解の選択ごとに 1 ポイントが与えられます。",,2つ選択してください,2,ユーザー指定の正解をそのまま反映しています。,True,{}
q121,#121,drag_drop,Search エンリッチメント パイプラインの順序,"AS1 という名前の Azure AI Search リソースを含む Azure サブスクリプションがあります。
ドキュメントの言語および感情分析を実行するカスタム スキルを AS1 に実装します。
エンリッチメント パイプラインの一部として AS1 の使用を評価しました。
AS1 はどのような順序でドキュメントをインデックスしますか? 回答するには、すべてのインデックス作成ステージをステージのリストから回答領域に移動し、正しい順序に並べます。",,正しい順に並べてください,5,ドキュメントクラッキング → フィールドマッピング → スキルセット実行 → 出力フィールドマッピング → インデックスへのプッシュ の順です。,True,"{""mode"": ""sequence"", ""required_items"": 5}"
q122,#122,single_choice,Document Intelligence Studio にアップロードできるファイル,"S0 層に AIdoc1 という名前の Azure AI Document Intelligence リソースが含まれる Azure サブスクリプションがあります。
次の表に示すようなファイルがあります。
|Name|Format|Password-locked|Size(MB)|
|--|--|--|--|
|File1|JPG|No|400|
|File2|PDF|No|250|
|File3|PNG|YES|180|
|File4|XLSX|No|900|
|File5|PDF|YES|160|
AIdoc1 を使用してカスタム抽出モデルをトレーニングする必要があります。
Document Intelligence Studio にアップロードできるファイルはどれですか?",,1つ選択してください,1,ユーザー指定の正解をそのまま反映しています。,True,{}
q123,#123,single_choice,Azure AI Content Understanding で分析できるファイル,"次のファイルがあります:
* ファイル1.pdf
* ファイル2.jpg
* ファイル3.docx
* ファイル4.webp
* ファイル5.png
Azure AI Content Understanding を使用して分析できるファイルはどれですか?",,1つ選択してください,1,ユーザー指定の正解をそのまま反映しています。,True,{}
q124,#124,single_choice,手書き文字 JPEG コレクションのインデックス化スキル,"Azure Cognitive Search ソリューションと、JPEG ファイルとして保存された手書きの文字のコレクションがあります。
コレクションのインデックスを作成する予定です。ソリューションでは、手紙の内容に対してクエリを実行できる必要があります。
スキルセットを持つインデクサーを作成する必要があります。
どのスキルを含めるべきですか?",,1つ選択してください,1,手書き JPEG の内容を検索可能にするには OCR が必要です。,True,{}
q125,#125,single_choice,ユーザーを順に案内するダイアログ,"チャットボットを構築しています。
製品のセットアッププロセスを通じてユーザーをガイドするようにボットを構成する必要があります。
どのようなタイプのダイアログを使用する必要がありますか?",,1つ選択してください,1,順序立てて案内するにはウォーターフォール ダイアログが適しています。,True,{}
q126,#126,single_choice,温度データの異常値アラート,"データストリームから温度データを監視するシステムを開発しています。システムは、異常値が発生した場合にアラートを生成する必要があります。ソリューションは開発労力を最小限に抑える必要があります。
ソリューションには何を含めるべきですか?",,1つ選択してください,1,ユーザー指定の正解をそのまま反映しています。,True,{}
q127,#127,dropdown,音声メッセージのキャプチャと再生に使うサービス,"フランス語とドイツ語を話す発信者からの電話を受信するための通話処理システムを構築しています。このシステムは、以下のタスクを実行する必要があります。
* 着信音声メッセージをテキストとしてキャプチャします。
* 要求に応じてメッセージを英語で再生します。
どの Azure Cognitive Services を使用すべきですか? 回答するには、回答で適切なオプションを選択します。注: 正しい選択ごとに 1 ポイントが加算されます。

メッセージをキャプチャするには:<select01>
メッセージを再生するには:<select02>",,各ドロップダウンを選択してください,2,音声認識は Speech-to-text、英語再生は翻訳を含む Text-to-speech and Translator の組み合わせを使います。,False,{}
q128,#128,dropdown,Custom Vision プロジェクトタイプとドメイン,"食品用の段ボール包装を生産する工場を経営しています。工場のインターネット接続は断続的です。
パッケージには各製品のサンプルを 4 つ含める必要があります。
パッケージの欠陥を識別し、オペレーターに欠陥の位置を提供するカスタムビジョンモデルを構築する必要があります。このモデルは、各パッケージに4つの製品が含まれていることを確認する必要があります。
どのプロジェクトタイプとドメインを使用すべきでしょうか？ 適切なオプションを正しいターゲットにドラッグして回答してください。各オプションは1回、複数回、または全く使用しない場合があります。コンテンツを表示するには、ペイン間の分割バーをドラッグするか、スクロールする必要がある場合があります。注：正しい選択ごとに1ポイントが加算されます。

Project type:<select01>
Domain:<select02>",,各ドロップダウンを選択してください,2,欠陥位置の特定には Object detection、断続接続での軽量運用には General(compact) が適しています。,False,{}
q129,#129,single_yesno,新しい VNet と public endpoint + Private Link で要件を満たすか,"注: この問題は、同じシナリオを提示する一連の問題の一部です。一連の問題にはそれぞれ、定められた目標を満たす可能性のある独自の解答が含まれています。問題セットによっては、複数の正解が存在する場合もあれば、正解がない場合もあります。
このセクションの質問に回答した後は、その質問に戻ることはできません。そのため、これらの質問はレビュー画面に表示されません。
vm1 という Azure 仮想マシン上で実行される app1 という Web アプリを作成します。vm1 は、vnet1 という Azure 仮想ネットワーク上にあります。
service1 という名前の新しい Azure Cognitive Search サービスを作成する予定です。
パブリック インターネット経由でトラフィックをルーティングせずに、app1 が service1 に直接接続できることを確認する必要があります。
解決策: service1 とパブリック エンドポイントを新しい仮想ネットワークにデプロイし、Azure Private Link を構成します。
これは目標を満たしていますか?",,はい / いいえ を選択してください,1,ユーザー指定の正解をそのまま反映しています。,False,{}
q130,#130,single_choice,ブランド認知度の測定に使うサービス,ソーシャルメディアのメッセージにおけるブランドの認知度を測定する必要があります。どのAzure Cognitive Servicesサービスを使用すべきでしょうか？,,1つ選択してください,1,ブランド認知や言及分析にはテキスト分析を使います。,True,{}
q131,#131,dropdown,Document Intelligence analyze コマンドの補完,"DM という名前の Azure AI Document Intelligence リソースを含む Azure サブスクリプションがあります。
表形式のデータを含む Test.pdf という名前の PDF ドキュメントを作成します。
DM を使用して Test.pdf を分析する必要があります。
コマンドをどのように完了する必要がありますか? 回答するには、回答エリアで適切なオプションを選択してください。注: 正しい選択ごとに 1 ポイントが加算されます。","curl -v -i POST ""{endpoint}/formrecognizer/documentModels/<select01>:analyze?api-version=2023-07-31""
-H ""Content-Type: application/json""
-H ""<select02>: {yourkey}""
--data-ascii ""{'urlSource': 'test.pdf'}""",各ドロップダウンを選択してください,2,表形式データの抽出には prebuilt-layout、キー指定には Ocp-Apim-Subscription-Key を使います。,False,{}
q132,#132,single_choice,コサイン類似度で使う Azure OpenAI モデル,"Azure サブスクリプションと 10,000 個の ASCII ファイルがあります。
特定のフレーズを含むファイルを識別する必要があります。ソリューションではコサイン類似度を使用する必要があります。
どの Azure OpenAI モデルを使用すればよいですか?",,1つ選択してください,1,コサイン類似度には埋め込みモデルを使います。,True,{}
q133,#133,single_choice,Azure AI サービス アカウントを識別する CLI コマンド,"アプリのデプロイに使用する Pipeline1 という Azure DevOps パイプラインがあります。Pipeline1 には、Azure AI サービス アカウントを作成するステップが含まれています。
作成されたAzure AIサービスアカウントを識別するステップをPipeline1に追加する必要があります。このソリューションは開発労力を最小限に抑える必要があります。
どの Azure コマンド ライン インターフェイス (CLI) コマンドを実行する必要がありますか?",,1つ選択してください,1,アカウントの識別には az cognitiveservices account show を使います。,True,{}
q134,#134,single_choice,ブランド認知度測定に使う Azure サービス,自然言語処理を用いて、ソーシャルメディアにおける自社ブランドの認知度を測定する必要があります。どのAzureサービスを使用すべきでしょうか？,,1つ選択してください,1,自然言語処理なら言語サービスを使います。,True,{}
q135,#135,single_choice,請求先住所取得に使うエンティティ タイプ,"電子商取引チャットボット用の言語理解モデルを構築しています。ユーザーはチャットボットの指示に従って、請求先住所を音声または入力できます。
請求先住所を取得するためのエンティティを構築する必要があります。
どのエンティティ タイプを使用する必要がありますか?",,1つ選択してください,1,請求先住所のような複合入力は機械学習エンティティが適しています。,True,{}
q136,#136,dropdown,Content Safety 画像分析 cURL の補完,"Resource1 という名前の Azure AI コンテンツ セーフティ リソースと、storage1 という名前のストレージ アカウントを含む Azure サブスクリプションがあります。
container1 という名前の BLOB コンテナーを作成し、イメージ ファイルのサンプル セットを container1 にアップロードします。
Resource1 が暴力の可能性がある画像を識別できるかどうかを検証する必要があります。
cURL コマンドをどのように完了すればよいですか? 回答するには、回答領域で適切なオプションを選択してください。
注意: 正しい選択ごとに 1 ポイントが付与されます。","curl --location --request POST
'https://resource1.cognitiveservices.azure.com/<select01><select02>?api-version=2024-09-01'
--header 'Ocp-Apim-Subscription-Key: 337812676762318767236187'
--header 'Content-Type: application/json'
--data-raw {
  ""image"":{
    ""blobUrl"": ""https://storage1.blob.core.windows.net/container1""
  }
}",各ドロップダウンを選択してください,2,Content Safety の画像分析エンドポイントは /contentsafety/image:analyze です。,False,{}
q137,#137,single_choice,OCR とテキスト分析に使うスキルセット添付リソース,"テキストを含むスキャンされたドキュメント 50,000 件のコレクションがあります。
テキストを Azure Cognitive Search を通じて利用できるようにする予定です。
光学式文字認識（OCR）とテキスト分析を実行するためのエンリッチメントパイプラインを構成する必要があります。ソリューションはコストを最小限に抑える必要があります。
スキルセットには何を添付すればよいでしょうか?",,1つ選択してください,1,コスト最小化なら無料の限定的なエンリッチメント用 Cognitive Services リソースを使います。,True,{}
q138,#138,multi_choice,複数ボットの動的ルーティングに必要な Composer 設定,"Microsoft Bot Framework Composer を使用して 5 つのボットを作成します。
複数のボットを統合した単一のボットをユーザーに提供する必要があります。ソリューションは、ユーザー入力に基づいてボットへの動的なルーティングをサポートする必要があります。
実行すべき 3 つのアクションはどれですか? それぞれの正解は解決策の一部を示しています。
注意: 正しい選択ごとに 1 ポイントが付与されます。",,3つ選択してください,3,Orchestrator モデルの作成、認識器の種類の変更、Orchestrator パッケージの導入が必要です。,True,{}
q139,#139,multi_yesno,Computer Vision コードの動作判定,"Computer Visionクライアントライブラリを使用するアプリケーションを開発しています。アプリケーションのコードは次のとおりです。

以下の各文について、正しい場合は「はい」を選択してください。そうでない場合は「いいえ」を選択してください。
注意: 正しい選択ごとに 1 ポイントが付与されます。","public async Task AnalyzeImage(ComputerVisionClient client, string localImage)
{
  List<VisualFeatureTypes> features = new List<VisualFeatureTypes>()
  {
    VisualFeatureTypes.Description,
    VisualFeatureTypes.Tags,
  };
  using (Stream imageStream = File.OpenRead(localImage))
  {
    try
    {
      ImageAnalysis results = await client.AnalyzeImageInStreamAsync(imageStream, features);
      foreach(var tag in results.Tags)
      {
        Console.WriteLine($""{tag.Name} {tag.Confidence}"");
      }
    }
    catch (Exception ex)
    {
      Console.WriteLine(ex.Message);
    }
  }
}",各文について はい / いいえ を選択してください,3,顔認識はしておらず、タグと信頼度を列挙し、ローカルファイルを読み込んでいます。,False,{}
q140,#140,single_choice,アクティブラーニングを有効にする設定,"自然言語モデルを構築しています。
アクティブラーニングを有効にする必要があります。
何をすべきでしょうか?",,1つ選択してください,1,アクティブラーニングには予測エンドポイントに log=true を付けます。,True,{}
q141,#141,multi_yesno,ストリーム処理とバッチ処理の特徴判定,以下の各記述について、正しい場合は「はい」を選択してください。そうでない場合は「いいえ」を選択してください。注：正しい選択肢は1つにつき1点です。,,各文について はい / いいえ を選択してください,3,ストリーム処理は直近データや時間窓を扱い、ローリング平均などに適します。バッチ処理は即時実行前提ではありません。,False,{}
q142,#142,dropdown,Azure Cosmos DB API とデータ構造の対応,"Azure Cosmos DB API を適切なデータ構造に一致させます。
回答するには、左側の列から適切なAPIを右側のデータ構造にドラッグしてください。各APIは、1回、複数回、またはまったく使用されない場合があります。
注意: 正解ごとに 1 ポイントが加算されます。

<select01>:Graph data
<select02>:JSON dpcuments
<select03>:Key/value data",,各ドロップダウンを選択してください,3,Graph data は Gremlin API、JSON documents は MongoDB API、Key/value data は Table API が該当します。,False,{}
q143,#143,drag_drop,Speech Studio でのカスタム音声モデル作成手順,"Azure Al Speech サービスとカスタム ニューラル音声を使用する電話通話処理ソリューションを構築しています。
カスタム音声モデルを作成する必要があります。
Speech Studio から順番に実行する必要がある 5 つのアクションはどれですか。回答するには、適切なアクションをアクション リストから回答領域に移動し、正しい順序に並べます。",,正しい順に並べてください,5,プロジェクト作成、同意書アップロード、音声サンプルアップロード、品質分析、ニューラルトレーニングの順です。,True,{}
q144,#144,single_choice,LUIS JSON の Historic エンティティ対応語,"Language Understanding ポータルを使用して、Language Understanding モデルを構築します。
次のサンプルに示すように、モデルを JSON ファイルとしてエクスポートします。

Weather.Historic エンティティは発話の中で何に対応していますか?","{
  ""text"": ""avarage amount of rain by month at chicago last year"",
  ""intent"": ""Weather.CheckWeatherValue"",
  ""entities"": [
    {
      ""entity"": ""Weather.WeatherRange"",
      ""startPos"": 0,
      ""endPos"": 6,
      ""children"": []
    },
    {
      ""entity"": ""Weather.WeatherCondition"",
      ""startPos"": 18,
      ""endPos"": 21,
      ""children"": []
    },
    {
      ""entity"": ""Weather.Historic"",
      ""startPos"": 23,
      ""endPos"": 30,
      ""children"": []
    }
  ]
}",1つ選択してください,1,提示された回答に合わせています。,True,{}
q145,#145,dropdown,SpeechTranslationConfig の設定,"O で、音声翻訳を実行する App1 というアプリを開発します。
英語をドイツ語に翻訳するには、App1 を設定する必要があります。
speechTransiationConf ig オブジェクトはどのように設定すればよいですか？ 適切な値を正しいターゲットにドラッグしてください。各値は1回、複数回、または全く使用されない場合があります。コンテンツを表示するには、ペイン間の分割バーをドラッグするか、スクロールする必要がある場合があります。
注意: 正しい選択ごとに 1 ポイントが付与されます。","var translationConfig = SpeechTranslationConfig.FromSubscription(SPEECH__SUBSCRIPTION__KEY, SPEECH_SERVICE__REGION);
translationConfig.<select01> = ""en-US"";
translationConfig.<select02>(""de"")",各ドロップダウンを選択してください,2,認識言語は speechRecognitionLanguage、翻訳先追加は addTargetLanguage を使います。,False,{}
q146,#146,single_choice,名刺分析で QR コード解釈を可能にする最初の手順,"Aldoc1 という名前の Azure Al Document Intelligence リソースを含む Azure サブスクリプションがあります。
Aldoc1 を使用する App1 というアプリがあります。App1 は名刺モデル v2.1 を呼び出して名刺を分析します。
アプリがQRコードを解釈できるようにするには、App1を更新する必要があります。このソリューションは、管理作業を最小限に抑える必要があります。
まず何をすべきでしょうか?",,1つ選択してください,1,提示された回答に合わせています。,True,{}
q147,#147,single_yesno,新しい花画像の追加手順で目標達成か,"注：この質問は、同じシナリオを提示する一連の質問の一部です。シリーズの各質問には、述べられた目標を達成する可能性のある独自の解決策が含まれています。一部の質問セットには複数の正しい解決策がある場合がありますが、他の質問セットには正しい解決策がない場合があります。
このセクションの質問に答えた後は、その質問に戻ることはできません。その結果、これらの質問はレビュー画面に表示されません。
カスタムビジョンモデルをトレーニングして、花の種を識別するアプリケーションを開発します。新しい花の種の画像を受け取ります。
新しい画像を分類子に追加する必要があります。
解決策：既存のモデルに新しい画像とラベルを追加します。モデルを再トレーニングしてから、モデルを公開します。
これは目標を達成していますか？",,はい / いいえ を選択してください,1,既存モデルに画像とラベルを追加し、再トレーニング後に公開する方法で目標を満たします。,False,{}
q148,#148,single_choice,コード説明を低コストで得るためのプロンプト改善,"Azure Al Studio では、GPT-35 Turbo モデルで Completions プレイグラウンドを使用します。
次のコードを含むプロンプトが表示されます。

コードの説明を作成するにはモデルが必要です。ソリューションはコストを最小限に抑える必要があります。どうすればよいでしょうか？","function F(n)
{
  var f = [0, 1];
  for (var i = 2; i<n; i++) f[i] = f[i-1] + f[i-2];
  return f;
}",1つ選択してください,1,モデル変更ではなく、追加の指示をプロンプトに入れるのが低コストです。,True,{}
q149,#149,single_choice,ぼやけた画像や横向き顔の検出率を高める方法,"あなたの会社では、Azure Cognitive Services ソリューションを使用して、アップロードされた画像内の顔を検出しています。顔検出のメソッドでは、以下のコードを使用します。
このソリューションでは、ぼやけた画像や横向きの顔が写っている画像では顔を検出できないことが頻繁にあることがわかります。
ソリューションがぼやけた画像や横向きの顔を含む画像で顔を検出できる可能性を高める必要があります。どうすればよいでしょうか?","static async Task DetectFaces(string imageFilePath)
{
  HttpClient client = new HttpClient();
  DefaultRequestHeaders.Add(""Ocp-Apim-Subscription-Key"", subscriptionKey);
  string requestParameter = ""detectionModel-detection_01&returnFaceId=true&returnFaceLandmarks=false"";
  string uri = endpoint + ""/face/v1.0/detect?"" + requestParameters;
  HttpResponseMessage response;
  byte[] byteData = GetImageAsByteArray(imageFilePath);
  using (ByteArrayContent content = new ByteArrayContent(byteData))
  {
    Headers.ContentType = new MediaTypeHeaderValue(""application/octet-stream"");
    response = await PosyAsync(uri, content);
    string contentString = await Content.ReadAsStringAsync();
    ProcessDetection(contentString);
  }
}",1つ選択してください,1,検出性能改善には適切な検出モデルへの変更が有効です。,True,{}
q150,#150,single_choice,文書へのタグ付けに適した Language Studio のプロジェクト,"10,000件のPDF文書を含むトレーニングデータセットがあります。文書には、スキャンされた書籍、コミック、雑誌が含まれています。
Azure Al とカスタム モデルを使用するソリューションを構築しています。
Language Studioを使用してモデルをトレーニングする必要があります。ソリューションは以下の要件を満たす必要があります。
* 各アイテムに書籍、コミック、雑誌のタグを付けます。
* 開発の労力を最小限に抑えます。
何を使うべきでしょうか?",,1つ選択してください,1,複数ラベルの文書分類にはマルチラベル分類プロジェクトが適します。,True,{}
q151,#151,single_choice,OpenAI CLI データ準備ツールにアップロードできるファイル,"カスタム Azure OpenAI モデルがあります。
次の表に示すファイルがあります。

OpenAI CLIデータ準備ツールを使用して、モデルのトレーニングデータを準備する必要があります。このツールにアップロードできるファイルはどれですか？","|Name|Size|
|--|--|
|File1.tsv|80MB|
|File2.xml|25MB|
|File3.pdf|50MB|
|File4.xlsx|200MB|",1つ選択してください,1,ユーザー指定の正解に合わせて反映しています。,True,{}
q152,#152,single_choice,追加の契約形式に対応させる方法,契約書類を認識するためにカスタムAzure AI Document Intelligenceモデルを使用するApp1というアプリがあります。このモデルが追加の契約書形式をサポートしていることを確認する必要があります。ソリューションは開発工数を最小限に抑える必要があります。どうすればよいでしょうか？,,1つ選択してください,1,既存トレーニングセットに追加形式を加えて再学習するのが最小工数です。,True,{}
q153,#153,multi_choice,QnA Maker プロビジョニング時に自動作成されるリソース,"RG1 という名前の新しいリソース グループに QnA Maker サービスをプロビジョニングする予定です。
RG1 で、AP1 という名前の App Service プランを作成します。
QnA Maker サービスをプロビジョニングすると、RG1 に自動的に作成される 2 つの Azure リソースはどれですか。それぞれの正解はソリューションの一部を示しています。
注意: 正しい選択ごとに 1 ポイントが付与されます。",,2つ選択してください,2,QnA Maker では Azure Cognitive Search と Azure App Service が作成されます。,True,{}
q154,#154,drag_drop,機密文書をオンプレミス保持したまま Language を使う手順,"機密文書をスキャンし、言語サービスを使用して内容を分析するアプリを構築しています。
Azure Cognitive Services リソースをプロビジョニングします。
アプリが言語サービスのエンドポイントにリクエストを送信できることを確認する必要があります。ソリューションでは、機密文書がオンプレミスに保持されることを保証する必要があります。
順番に実行する必要がある 3 つのアクションはどれですか。回答するには、適切なアクションをアクション リストから回答領域に移動し、正しい順序に並べます。",,正しい順に並べてください,3,オンプレミス Kubernetes を用意し、MCR からイメージを取得し、API キーとエンドポイント URL を指定して実行します。,True,"{""mode"": ""sequence"", ""required_items"": 3}"
q155,#155,multi_choice,OCR Read API の完了待ちに必要な変更,"Computer Visionクライアントライブラリを使用するメソッドを開発しています。このメソッドは、画像内の光学式文字認識（OCR）を実行します。メソッドのコードは次のとおりです。

テスト中に、読み取り操作が完了する前に GetReadResultAsync メソッドの呼び出しが行われることがわかります。
読み取り操作が完了するまで、GetReadResultAsync メソッドが続行されないようにする必要があります。
実行すべき 2 つのアクションはどれですか。それぞれの正解は解決策の一部を示しています。(2 つ選択してください。) 注: 正解の選択ごとに 1 ポイントが加算されます。","public static async Task ReadFileUrl(ComputerVisionClient client, string urlFile)
{
  const int numberOfCharsInOperationId = 36;
  var txtHeaders = await client.ReadAsync(urlFile, language: ""en"");

  string opLocation = textHeaders.OperationLocation;
  string operationId = opLocation.Substring(opLocation.Length - numberOfCharsInOperationId);

  ReadOperationResult results;
  results = await client.GetReadResultAsync(Guid.Parse(operationId));
  var textUrlFileResults = results.AnalyzeResult.ReadResults;
  foreach(ReadResult page in textUrlFileResults)
  {
    foreach(Line line in page.Lines)
    {
      Console.WriteLine(line.Text);
    }
  }
}",2つ選択してください,2,結果状態の確認と、遅延付きループでのポーリングが必要です。,True,{}
q156,#156,single_choice,OpenAI 入出力の不適切コンテンツ検査に最初に作るリソース,"AI1 という名前の Azure OpenAI リソースを含む Azure サブスクリプションがあります。
AI1 を使用して特定の質問に対する回答を生成して提供するチャットボットを構築します。
チャットボットがすべての入力出力をチェックして、不快なコンテンツが含まれていないか確認する必要があります。
最初にどのタイプのリソースを作成する必要がありますか?",,1つ選択してください,1,入出力の不適切コンテンツ検査には Azure AI コンテンツ セーフティを使います。,True,{}
q157,#157,multi_choice,テーブル プロジェクション JSON に必要なプロパティ,"Azure Cognitive Search インデックスの物理的な式を生成するには、テーブル プロジェクションを実装する必要があります。
スキルセット定義の JSON 構成テーブル ノードで指定する必要がある 3 つのプロパティはどれですか。正解はそれぞれソリューションの一部を示しています。(3 つ選択してください。) 注: 正解の選択ごとに 1 ポイントが加算されます。",,3つ選択してください,3,テーブル名、生成されたキー名、ソースを指定します。,True,{}
q158,#158,single_choice,製品説明から製品名を提案する Foundry モデル,"Microsoft Foundry リソースを含む Azure サブスクリプションがあります。
指定された製品の説明から製品名を提案するアプリを構築する必要があります。
どの Foundry モデルを使用すべきでしょうか?",,1つ選択してください,1,自然言語生成には GPT-4 を使います。,True,{}
q159,#159,single_choice,四半期ごとの売上合計の視覚化,"次の展示に示すように、四半期ごとの現在の売上合計の視覚化を作成する必要があります。

Power BI Desktop で何を作成する必要がありますか?",,1つ選択してください,1,増減を追う四半期売上合計にはウォーターフォールチャートが適しています。,True,{}
q160,#160,multi_choice,Content Moderator Text Moderation API の利用項目,"テキストベースのチャットボットがあります。
Content Moderator の Text Moderation API を使用してコンテンツ モデレーションを有効にする必要があります。どの 2 つのサービス応答を使用すべきでしょうか？ 正解はそれぞれ解決策の一部を示しています。注: 正解は 1 点です。",,2つ選択してください,2,提示された正解に合わせて A と E を採用しています。,True,{}
q161,#161,single_choice,データウェアハウスの主な目的,データウェアハウスの主な目的は何ですか？,,1つ選択してください,1,データウェアハウスは複数ソースのデータを統合し、分析用の複雑なクエリに答えることが主目的です。,True,{}
q162,#162,dropdown,JSON ドキュメントのデータ種別,"文を正しく完成させる答えを選択してください。

JSON ドキュメントは <select01> の例です。",,各ドロップダウンを選択してください,1,JSON は構造を持つものの固定スキーマではないため、半構造化データに分類されます。,False,{}
q163,#163,dropdown,Authoring API の同義語 JSON ペイロード,"AI Language カスタム質問回答サービスを使用するアプリがあります。
Authoring API を使用して、testing という単語の代替語を追加する必要があります。
JSON ペイロードをどのように完了すればよいですか? 回答するには、回答領域で適切なオプションを選択してください。
注意: 正しい選択ごとに 1 ポイントが付与されます。","{
    ""<select01>"": [
        {
            ""<select02>"": [
                ""testing"",
                ""trials"",
                ""evaluate""
            ]
        }
    ]
}",各ドロップダウンを選択してください,2,外側は value、内側は alterations を使って代替表現を定義します。,False,{}
q164,#164,dropdown,Foundry エージェントで公開データにアクセスする設定,"Azure Al Foundry エージェント サービスを使用してエージェントを構築しています。
エージェントが過去 90 日間にリリースされた公開データにアクセスできることを確認する必要があります。
コードをどのように完成させるべきですか? 回答するには、回答エリアで適切なオプションを選択してください。
注意: 正しい選択ごとに 1 ポイントが付与されます。","conn_id = ""search_connection_id""
search = <select01>(connection_id=conn_id)
with project_client:
  agent = project_client.agents.create_agent(
    model=""gpt-4o"",
    name=""my-assistant"",
    instructions=""You are a helpful assistant"",
    <select02> search.definitions,
  )
  print(f""Created agent, ID: {agent.id}"")",各ドロップダウンを選択してください,2,公開データのグラウンディングには BingGroundingTool を使い、create_agent では tools= に定義を渡します。,False,{}
q165,#165,single_choice,Bot Framework で音声リクエストに応答する方法,"Microsoft Bot Framework を使用してボットを構築しています。
音声リクエストに応答するようにボットを設定する必要があります。ソリューションは開発労力を最小限に抑える必要があります。
何をすべきでしょうか?",,1つ選択してください,1,Bot を Azure にデプロイし、Direct Line Speech チャネルを使うのが最小構成です。,True,{}
q166,#166,multi_choice,有害テキスト検出プロトタイプの最小構成,"ユーザーがフィードバックコメントを投稿できるブログを運営しています。フィードバックコメントの中には、差別的な言葉を含む有害な内容が含まれているものがあります。
有害コンテンツを検出するソリューションのプロトタイプを作成する必要があります。ソリューションは開発労力を最小限に抑える必要があります。
実行すべき 2 つのアクションはどれですか。それぞれの正解は解決策の一部を示しています。
注意: 正しい選択ごとに 1 ポイントが付与されます。",,2つ選択してください,2,まず Content Safety リソースを作成し、Content Safety Studio のテキスト コンテンツの管理で試すのが最小です。,True,{}
q167,#167,drag_drop,動画内の企業名言及を識別する手順,"特定の企業名の言及を識別するには、ビデオコンテンツを分析する必要があります。
どの 3 つのアクションを順番に実行する必要がありますか? 回答するには、適切なアクションをアクション リストから回答領域に移動し、正しい順序に並べます。",,正しい順に並べてください,3,Video Analyzer for Media でブランドのカスタマイズに進み、包含リストへ企業名を追加します。,True,"{""mode"": ""sequence"", ""required_items"": 3}"
q168,#168,single_choice,動画感情分析に適した Content Understanding テンプレート,"1,000 個のビデオ ファイルを含むライブラリがあります。
Azure AIコンテンツ理解プロジェクトを使用して、動画の感情分析を実行する必要があります。ソリューションは開発労力を最小限に抑える必要があります。
プロジェクトにはどのタイプのテンプレートを使用する必要がありますか?",,1つ選択してください,1,広告テンプレートは感情や表現面の分析に適しています。,True,{}
q169,#169,single_yesno,価格エンティティ作成で目標達成か,"注: この問題は、同じシナリオを提示する一連の問題の一部です。一連の問題にはそれぞれ、定められた目標を満たす可能性のある独自の解答が含まれています。問題セットによっては、複数の正解が存在する場合もあれば、正解がない場合もあります。
このセクションで質問に回答した後は、そのセクションに戻ることはできず、その結果、これらの質問はレビュー画面に表示されません。
Azure Cognitive Service for Language の質問回答を使用するチャットボットを構築しています。
製品カタログと価格表を含む Doc1.pdf とトレーニングをアップロードします。
テスト中に、チャットボットが次の質問に正しく応答したとユーザーから報告がありました: <製品> の価格はいくらですか?
チャットボットは次の質問に応答できません: <製品> の価格はいくらですか?
チャットボットが両方の質問に正しく応答することを確認する必要があります。
解決策: Language Studio から価格のエンティティを作成し、モデルを再トレーニングして再公開します。
これは目標を満たしていますか?",,はい / いいえ を選択してください,1,質問応答でこの問題を解くのに価格エンティティ作成は適切ではありません。,False,{}
q170,#170,dropdown,Synapse Analytics の MPP エンジンの説明,"文を正しく完成させる答えを選択してください。

Azure Synapse Analytics <select01> の超並列処理 (MPP) エンジン。",,各ドロップダウンを選択してください,1,MPP エンジンはクエリ処理を複数のコンピューティングノードに分散します。,False,{}
q171,#171,drag_drop,技術用語の精度を高める音声文字起こし改善手順,"技術的なポッドキャストの文字起こしサービスを構築しています。
テストの結果、このサービスでは技術用語を正確に書き写すことができないことが判明しました。
サービスの精度を向上させる必要があります。
順番に実行する必要がある 5 つのアクションはどれですか。回答するには、適切なアクションをアクション リストから回答領域に移動し、正しい順序に並べます。
注意：正解の選択肢は複数あります。正解の選択肢の中からどれを選択しても、得点は加算されます。",,正しい順に並べてください,5,カスタム音声プロジェクトを作成し、音声テキスト変換モデルを用意して、データセットのアップロード、トレーニング、デプロイを行います。,True,"{""mode"": ""sequence"", ""required_items"": 5}"
q172,#172,single_choice,Video Indexer にアップロードできるファイル,"次の表に示すファイルを含むローカル フォルダーがあります。
Azure AI Video Indexer を使用してファイルを分析する必要があります。Video Indexer の Web サイトにアップロードできるファイルはどれですか？","|Name|Format|Length(mins)|Size(MB)|
|--|--|--|--|--|
|File1|WMV|34|400|
|File2|AVI|90|1200|
|File3|MOV|300|980|
|File4|MP4|80|1800|",1つ選択してください,1,ユーザー指定の正解に合わせて反映しています。,True,{}
q174,#174,single_yesno,より高いレベルの Search サービスへの移行で調整を減らせるか,"注: この問題は、同じシナリオを提示する一連の問題の一部です。一連の問題にはそれぞれ、定められた目標を満たす可能性のある独自の解答が含まれています。問題セットによっては、複数の正解が存在する場合もあれば、正解がない場合もあります。
このセクションの質問に回答した後は、その質問に戻ることはできません。そのため、これらの質問はレビュー画面に表示されません。
Azure Cognitive Search サービスがあります。
過去 12 か月間、クエリ量は着実に増加しました。
Cognitive Search サービスへの一部の検索クエリ要求が調整されていることがわかりました。
検索クエリ要求が調整される可能性を減らす必要があります。
解決策: より高いレベルを使用する Cognitive Search サービスに移行します。
これは目標を満たしていますか?",,はい / いいえ を選択してください,1,より高いレベルへの移行はスループット向上に役立つため、提示された回答では「はい」です。,False,{}
q175,#175,single_choice,Power BI 分析向けにインデクサーへ追加するもの,"Form Recognizer を使用して注文書のインデックスを作成する Azure Cognitive Search インスタンスがあり、Microsoft Power BI を使用して抽出された情報を分析する必要があります。ソリューションは開発労力を最小限に抑える必要があります。
インデクサーに何を追加すればよいでしょうか?",,1つ選択してください,1,Power BI などで扱いやすい物理テーブル表現を生成するにはテーブル投影を追加します。,True,{}
q176,#176,single_yesno,新しいモデル作成後に画像とラベルをアップロードする方法で目標達成か,"注：この質問は、同じシナリオを提示する一連の質問の一部です。シリーズの各質問には、述べられた目標を達成する可能性のある独自の解決策が含まれています。一部の質問セットには複数の正しい解決策がある場合がありますが、他の質問セットには正しい解決策がない場合があります。
このセクションの質問に答えた後は、その質問に戻ることはできません。その結果、これらの質問はレビュー画面に表示されません。
カスタムビジョンモデルをトレーニングして、花の種を識別するアプリケーションを開発します。新しい花の種の画像を受け取ります。
新しい画像を分類子に追加する必要があります。
解決策：新しいモデルを作成してから、新しい画像とラベルをアップロードします。
これは目標を達成していますか？",,はい / いいえ を選択してください,1,新しいモデルを作り直す必要はなく、既存モデルに追加して再トレーニングすればよいため目標は満たしません。,False,{}
q177,#177,single_choice,この出力を返す Text Analytics API,"アプリケーションの Text Analytics 出力を調べています。
分析されたテキストは、「先週のシアトル旅行中に、私たちのツアーガイドがスペースニードルに登ってくれました。」です。応答には、次の表に示すデータが含まれています。
テキストを分析するために使用される Text Analytics API はどれですか?","|Text|Category|ConfidenceScore|
|--|--|--|
|Tour guide|PersonType|0.45|
|Space Needle|Location|0.36|
|Trip|Event|0.78|
|Seattle|Location|0.78|
|Last week|DateTime|0.80|",1つ選択してください,1,カテゴリと信頼度付きでエンティティが返るため、名前付きエンティティ認識です。,True,{}
q178,#178,single_choice,システムメッセージによるプロンプト手法,"Azure サブスクリプションをお持ちです。このサブスクリプションには、Model1 という GPT-3.5 Turbo モデルをホストする Azure OpenAI リソースが含まれています。
Model1 を次のシステムメッセージを使用するように設定します。「あなたは、人々が数学パズルを解くのを手伝う AI アシスタントです。4 歳児からのリクエストであるかのように、答えを説明してください。」これはどのような種類のプロンプトエンジニアリング手法の例ですか？",,1つ選択してください,1,モデルの役割や振る舞いを事前指定するのはプライミングです。,True,{}
q179,#179,single_choice,Content Safety 画像分析の円画像出力,"CS1 という名前の Azure AI コンテンツ セーフティ リソースを含む Azure サブスクリプションがあります。
円を含むテスト画像を作成します。
curl コマンドと次のコマンドライン パラメータを使用して、テスト イメージを CS1 に送信します。
出力として何を期待すべきでしょうか?","--data-raw '{
    ""image"": {
        ""content"": ""<base_64_string>""
    },
    ""categories"": [
        ""Violence""
    ],
    ""outputType"": ""EightSeverityLevels""
}' ",1つ選択してください,1,提示された回答に合わせて 0 を設定しています。,True,{}
q180,#180,single_choice,カテゴリ フィールドに必要な Search インデックス属性,"Azure Cognitive Search ソリューションと、カテゴリフィールドを含むブログ投稿のコレクションがあります。投稿のインデックスを作成する必要があります。ソリューションは以下の要件を満たす必要があります。
* 検索結果にカテゴリ フィールドを含めます。
* ユーザーがカテゴリ フィールドで単語を検索できるようにします。
* ユーザーがカテゴリに基づいてドリルダウン フィルタリングを実行できることを確認します。
カテゴリ フィールドにどのインデックス属性を構成する必要がありますか?",,1つ選択してください,1,検索結果への表示、検索、ファセット ドリルダウンのために searchble・facetable・retrievable が必要です。,True,{}
q181,#181,single_choice,App Service から Cognitive Services に接続する構成,"App1 という名前の Azure App Service アプリを含む Azure サブスクリプションがあります。
CSAccount1 という名前のマルチサービス Azure Cognitive Services リソースをプロビジョニングします。
CSAccount1 にアクセスできるように App1 を設定する必要があります。このソリューションでは、管理作業を最小限に抑える必要があります。
App1 を構成するには何を使用すればよいですか?",,1つ選択してください,1,提示された正解に合わせて、エンドポイント URI と OAuth トークンを選択しています。,True,{}
q182,#182,single_choice,Blob の自動削除,Azure Blob StorageからBLOBを自動的に削除するには、何を使用する必要がありますか？,,1つ選択してください,1,Blob の自動削除にはライフサイクル管理ポリシーを使います。,True,{}
q183,#183,single_choice,多言語タグ生成に使うエンドポイント,"アップロードされた画像のタグリストを生成するアプリを構築する予定です。アプリは以下の要件を満たす必要があります。
* ユーザーの好みの言語でタグを生成します。
* 英語、フランス語、スペイン語をサポートします。
* 開発労力を最小限に抑える
アプリのタグを生成する関数を構築する必要があります。どのAzureサービスエンドポイントを使用すればよいですか？",,1つ選択してください,1,タグ生成は Computer Vision 画像解析エンドポイントで実現できます。,True,{}
q184,#184,multi_choice,多言語チャットボットで使う Text Analytics API,"多言語チャットボットを構築しています。
ポジティブメッセージとネガティブメッセージに対して異なる回答を送信する必要があります。
どの2つのTextAnalyticsAPIを使用する必要がありますか？それぞれの正解は、解決策の一部を示しています。（2つ選択してください。）注：正しい選択はそれぞれ1ポイントの価値があります。",,2つ選択してください,2,言語を判定してから感情分析を行う必要があります。,True,{}
q185,#185,single_choice,進行中トランザクションをキャンセルさせる機能,"Microsoft Bot Framework Composer を使用して、ユーザーがアイテムを購入できるチャットボットを構築します。
ユーザーが進行中のトランザクションをキャンセルできるようにする必要があります。ソリューションは、開発作業を最小限に抑える必要があります。
ボットに何を追加する必要がありますか?",,1つ選択してください,1,割り込みや cancel 処理はダイアログ トリガーで最小工数に実装できます。,True,{}
q186,#186,single_choice,LUIS に貢献者を追加する場所,"Language Understanding サービスを使用して言語モデルを構築しています。
新しい Language Understanding リソースを作成します。
貢献者をさらに追加する必要があります。
何を使うべきでしょうか?",,1つ選択してください,1,貢献者追加はオーサリング リソースの IAM で行います。,True,{}
q187,#187,dropdown,SpeechTranslationConfig の設定,"英語（英国）で行われた講義を録画するサービスを開発しています。
翻訳されたテキストと言語識別子を受け取る AppendToTranscriptFile というメソッドがあります。
講義のトランスクリプトを参加者それぞれの言語で提供するコードを開発する必要があります。サポートされている言語は、英語、フランス語、スペイン語、ドイツ語です。
コードをどのように完成させるべきですか? 回答するには、回答エリアで適切なオプションを選択してください。
注意: 正しい選択ごとに 1 ポイントが付与されます。","static async Task TranslateSpeechAsync()
{
  var config = SpeechTranslationConfig.FromSubScription(""221347273816716361"", ""uksouth"");
  var lang = new List<string><select01>
  config.SpeechRecognitionLanguage = ""en-GB"";
  lang.ForEach(config.AddTargetLanguage);

  using var audioConfig = AudioConfig.FromDefaultMicrophoneInput();
  using var recognizer = new <select02>(config, audioConfig);

  var result = await recognizer.RecognizeOnceAsync();
  if (result.Reason == ResultReason.TranslateSpeech)
}",各ドロップダウンを選択してください,2,"翻訳先リストには {""fr"", ""de"", ""es""}、認識クラスには TranslationRecognizer を使います。",False,{}
q188,#188,single_choice,トランザクションの原子性,トランザクションワークロードのどのプロパティが、各トランザクションが完全に成功するか完全に終了する単一のユニットとして扱われることを保証しますか？,,1つ選択してください,1,Atomicity はトランザクションが全て成功するか全て失敗するかを保証します。,True,{}
q189,#189,single_choice,この出力を返す Language Service API,"アプリケーションの言語サービス出力を調べています。
分析されるテキストは次のとおりです。先週のシアトル旅行中に、私たちのツアーガイドがスペースニードルに登りました。
応答には次の表に示すデータが含まれます。

テキストを分析するために使用される言語サービス API はどれですか?","|Text|Category|ConfidenceScore|
|--|--|--|
|Tour guide|PersonType|0.45|
|Space Needle|Location|0.36|
|Trip|Event|0.78|
|Seattle|Location|0.78|
|Last week|DateTime|0.80|",1つ選択してください,1,カテゴリ付きエンティティが返っているため名前付きエンティティ認識です。,True,{}
q191,#191,dropdown,Text Analytics Sentiment コンテナー起動コマンド,"テキスト分析に使用される Azure Cognitive Services サービスのコンテナー化されたバージョンをデプロイする予定です。
サービスのエンドポイント URI として https://contoso.cognitiveservices.azure.com を構成し、最新バージョンの Text Analytics Sentiment Analysis コンテナーをプルします。
Docker を使用して、Azure 仮想マシン上でコンテナーを実行する必要があります。
コマンドをどのように完了すればよいですか? 回答するには、回答領域で適切なオプションを選択してください。
注意: 正しい選択ごとに 1 ポイントが付与されます。","docker run --rm -it -p 5000:5000 --memory 8g --cpus 1
<select01>
Eula=accept
Billing=<select02>
ApiKey=xxxxxxxxxx",各ドロップダウンを選択してください,2,Sentiment Analysis コンテナーは sentiment イメージを使い、Billing には Cognitive Services のエンドポイント URI を指定します。,False,{}
q192,#192,single_choice,ストリーミング ワークロードの例,ストリーミングワークロードの例はどのシナリオですか？,,1つ選択してください,1,エッジ デバイスから継続的に届くテレメトリは典型的なストリーミング データです。,True,{}
q193,#193,dropdown,Face API 類似顔検索リクエスト本文,"Face APIの呼び出しを開発しています。この呼び出しでは、既存のemployeefacesというリストから類似の顔を検索する必要があります。employeefacesリストには60,000枚の画像が含まれています。
HTTPリクエストの本文はどのように記述すればよいでしょうか？ 適切な値を正しいターゲットにドラッグしてください。各値は1回、複数回、または全く使用されない場合があります。コンテンツを表示するには、ペイン間の分割バーをドラッグするか、スクロールする必要がある場合があります。
注意: 正しい選択ごとに 1 ポイントが付与されます。","{
  ""faceId"": ""18c51a87-3a69-47a8-aedc-a54745f708a1"",
  ""<select01>"": ""employeefaces"",
  ""maxNumOfCandidatesReturned"": 1,
  ""mode"": <select02>
}",各ドロップダウンを選択してください,2,"60,000 枚の画像には LargeFaceList を使い、類似顔検索モードは matchFace です。",False,{}
q194,#194,single_yesno,QnA chitchat の professional 変更,"注: この質問は、同じシナリオを示す一連の質問の一部です。このシリーズの各質問には、指定された目標を達成できる可能性のある独自の解決策が含まれています。一部の質問セットには複数の正しい解決策が含まれる場合がありますが、他の質問セットには正しい解決策がない場合があります。
このセクションの質問に回答すると、その質問に戻ることはできません。そのため、これらの質問はレビュー画面には表示されません。
Azure Cognitive Service for Language Users で質問応答を使用するチャットボットがあり、偽の質問に回答するときにチャットボットの応答に形式性が欠けていると報告されています。チャットボットが偽の質問に対して正式な応答を提供することを確認する必要があります。
解決策: Language Studio から、chitchat ソースを qna_chitchat_professional.tsv に変更します。その後、モデルを再トレーニングして再公開します。
これは目標を達成していますか?",,はい / いいえ を選択してください,1,professional の chitchat ソースに変更して再トレーニング・再公開すれば、よりフォーマルな応答にできます。,False,{}
q195,#195,dropdown,Cosmos DB Gremlin API のコンテナー種別,"文を正しく完成させる答えを選択してください。

Azure Cosmos DB Gremlin API を使用する場合、コンテナー リソースの種類は <select01> として投影されます。",,ドロップダウンを選択してください,1,Gremlin API では、コンテナーは graph として扱われます。,False,{}
q196,#196,single_choice,Speech と Language を単一エンドポイントで使うリソース,"Speech and Language API を使用するアプリを開発しています。
アプリのリソースをプロビジョニングする必要があります。ソリューションでは、各サービスに単一のエンドポイントと資格情報を使用してアクセスできるようにする必要があります。
どのようなタイプのリソースを作成する必要がありますか?",,1つ選択してください,1,単一のエンドポイントと資格情報で複数の AI サービスにアクセスするには Azure AI Foundry サービスを使用します。,True,{}
q197,#197,dropdown,データベースで実行されるコード ブロックの名称,"文を正しく完成させる答えを選択してください。

データベースで実行されるコード ブロックは <select01> と呼ばれます。",,ドロップダウンを選択してください,1,データベース内で実行されるコード ブロックはストアドプロシージャです。,False,{}
q198,#198,dropdown,Speech Translation の出力言語と認識器設定,"Azure AI サービスを使用して、音声を英語からフランス語、ドイツ語、スペイン語に自動的に翻訳するアプリを構築しています。
出力言語を定義し、Azure AI Speech サービスを構成する必要があります。
コードをどのように完成させるべきですか? 回答するには、回答エリアで適切なオプションを選択してください。
注意: 正しい選択ごとに 1 ポイントが付与されます。","static async Task TranslateSpeechAsync()
{
  var config = SpeechTranslationConfig.FromSubScription(SPEECH__SUBSCRIPTION__KEY, SPEECH__SERVICE__REGION);
  var languages = new List<string><select01>
  languages.ForEach(config.AddTargetLanguage);

  using var recognizer = new <select02>;
}",各ドロップダウンを選択してください,2,"対象言語一覧は {""fr"", ""de"", ""es""} とし、翻訳用には TranslationRecognizer を使います。",False,{}
q199,#199,dropdown,OpenAI リソース作成スクリプトの補完,"Azureサブスクリプションをお持ちの場合
ユーザーのプロンプトに応じて架空のストーリーを生成する新しいリソースを作成する必要があります。このソリューションでは、リソースが顧客管理キーを使用してデータを保護できるようにする必要があります。
スクリプトをどのように完成させるべきですか? 回答するには、回答エリアで適切なオプションを選択してください。
注意: 正しい選択ごとに 1 ポイントが付与されます。","az cognitiveservices account create \
-n myresource -g myResourceGroup -l westeurope \
--kind <select01> --sku S \
--assign-identity \
<select02> '{
""keyName"":""keyname"",
""keyVersion"":""secretVersion"",
""keyVaultUri"":""https://<your-kv>.vault.azure.net/""
}'",各ドロップダウンを選択してください,2,架空のストーリー生成には OpenAI を選び、CMK には --encryption オプションを使用します。,False,{}
q200,#200,dropdown,画像を写真・図面・クリップアートに分類する設定,"何千もの画像を含むライブラリがあります。
画像に写真、図面、またはクリップアートとしてタグを付ける必要があります。
どのサービス エンドポイントと応答プロパティを使用する必要がありますか? 回答するには、回答領域で適切なオプションを選択してください。
注意: 正しい選択ごとに 1 ポイントが付与されます。

Service endpoint:<select01>
Property:<select02>",,各ドロップダウンを選択してください,2,画像の種類判定には Computer Vision の Analyze Images エンドポイントと imageType プロパティを使用します。,False,{}
