id,question_id,item_type,item_key,parent_key,label,value,sort_order,correct_value,correct_order,is_correct
q009_a,q009,choice,A,,A. 私たちのロンドンツアーにはバッキンガム宮殿の訪問も含まれていました,A,1,,,false
q009_b,q009,choice,B,,B. ロンドンとツアーのみ,B,2,,,false
q009_c,q009,choice,C,,C. ツアーと訪問のみ,C,3,,,false
q009_d,q009,choice,D,,D. ロンドンとバッキンガム宮殿のみ,D,4,,,true
q001_a,q001,choice,A,,A. オートコンプリート エンドポイントに API クエリを実行し、本文に suggesterName を含めます。,A,1,,,true
q001_b,q001,choice,B,,B. 3 つの製品名フィールドをソース フィールドとして持つサジェスターを追加します。,B,2,,,true
q001_c,q001,choice,C,,C. 検索エンドポイントに API クエリを実行し、searchFields クエリ パラメータに製品名フィールドを含めます。,C,3,,,false
q001_d,q001,choice,D,,D. 3 つの製品名フィールドごとにサジェスターを追加します。,D,4,,,false
q001_e,q001,choice,E,,E. 3 つの製品名のバリエーションに対して searchAnalyzer プロパティを設定します。,E,5,,,false
q001_f,q001,choice,F,,F. 3 つの製品名バリアントのアナライザー プロパティを設定します。,F,6,,,true
q002_1,q002,drag_item,1,,Video Indexer API を使用してビデオのインデックスを作成します。,1,1,,2,
q002_2,q002,drag_item,2,,ビデオを BLOB ストレージにアップロードします。,2,2,,1,
q002_3,q002,drag_item,3,,Computer Vision API を使用してビデオを分析します。,3,3,,,
q002_4,q002,drag_item,4,,Microsoft Stream からトランスクリプトを抽出します。,4,4,,,
q002_5,q002,drag_item,5,,トランスクリプトを発話として Language Understanding API に送信します。,5,5,,,
q002_6,q002,drag_item,6,,Video Indexer API からトランスクリプトを抽出します。,6,6,,3,
q002_7,q002,drag_item,7,,Translator API を使用してトランスクリプトを翻訳します。,7,7,,4,
q002_8,q002,drag_item,8,,ビデオをファイル ストレージにアップロードします。,8,8,,,
q004_blank_1,q004,dropdown_blank,select01,,<select01>,,1,stream,,
q004_blank_2,q004,dropdown_blank,select02,,<select02>,,2,VisualFeatureTypes.Description,,
q004_blank_3,q004,dropdown_blank,select03,,<select03>,,3,var c = results.Description.Captions[0],,
q004_opt_1,q004,dropdown_option,opt1,select01,Dictonary,Dictonary,1,,,
q004_opt_2,q004,dropdown_option,opt2,select01,stream,stream,2,,,
q004_opt_3,q004,dropdown_option,opt3,select01,string,string,3,,,
q004_opt_4,q004,dropdown_option,opt4,select02,VisualFeatureTypes.Description,VisualFeatureTypes.Description,1,,,
q004_opt_5,q004,dropdown_option,opt5,select02,VisualFeatureTypes.ImageType,VisualFeatureTypes.ImageType,2,,,
q004_opt_6,q004,dropdown_option,opt6,select02,VisualFeatureTypes.Objects,VisualFeatureTypes.Objects,3,,,
q004_opt_7,q004,dropdown_option,opt7,select02,VisualFeatureTypes.Tags,VisualFeatureTypes.Tags,4,,,
q004_opt_8,q004,dropdown_option,opt8,select03,var c = results.Brands.DetectedBrands[0],var c = results.Brands.DetectedBrands[0],1,,,
q004_opt_9,q004,dropdown_option,opt9,select03,var c = results.Description.Captions[0],var c = results.Description.Captions[0],2,,,
q004_opt_10,q004,dropdown_option,opt10,select03,var c = results.Metadata[0],var c = results.Metadata[0],3,,,
q004_opt_11,q004,dropdown_option,opt11,select03,var c = results.Objects[0],var c = results.Objects[0],4,,,
q005_blank_1,q005,dropdown_blank,select01,,<select01>,,1,name[language],,
q005_blank_2,q005,dropdown_blank,select02,,<select02>,,2,"""$when"": ""${stockLevel != 'OK'}""",,
q005_blank_3,q005,dropdown_blank,select03,,<select03>,,3,image.altText[language],,
q005_opt_1,q005,dropdown_option,opt1,select01,"if(language == 'en', 'en', name)","if(language == 'en', 'en', name)",1,,,
q005_opt_2,q005,dropdown_option,opt2,select01,name,name,2,,,
q005_opt_3,q005,dropdown_option,opt3,select01,name.en,name.en,3,,,
q005_opt_4,q005,dropdown_option,opt4,select01,name[language],name[language],4,,,
q005_opt_5,q005,dropdown_option,opt5,select02,"""$when"": ""${stockLevel != 'OK'}""","""$when"": ""${stockLevel != 'OK'}""",1,,,
q005_opt_6,q005,dropdown_option,opt6,select02,"""$when"": ""${stockLevel == 'OK'}""","""$when"": ""${stockLevel == 'OK'}""",2,,,
q005_opt_7,q005,dropdown_option,opt7,select02,"""$when"": ""$stockLevel.OK""","""$when"": ""$stockLevel.OK""",3,,,
q005_opt_8,q005,dropdown_option,opt8,select03,image.altText.en,image.altText.en,1,,,
q005_opt_9,q005,dropdown_option,opt9,select03,image.altText.language,image.altText.language,2,,,
q005_opt_10,q005,dropdown_option,opt10,select03,"image.altText[""language""]","image.altText[""language""]",3,,,
q005_opt_11,q005,dropdown_option,opt11,select03,image.altText[language],image.altText[language],4,,,
q006_blank_1,q006,dropdown_blank,select01,,<select01>,,1,api-nam.cognitive.microsfttranslator.com,,
q006_blank_2,q006,dropdown_blank,select02,,<select02>,,2,/translate,,
q006_opt_1,q006,dropdown_option,opt1,select01,api.cognitive.microsofttranslator.com,api.cognitive.microsofttranslator.com,1,,,
q006_opt_2,q006,dropdown_option,opt2,select01,api-nam.cognitive.microsfttranslator.com,api-nam.cognitive.microsfttranslator.com,2,,,
q006_opt_3,q006,dropdown_option,opt3,select01,westus.tts.speech.microsoft.com,westus.tts.speech.microsoft.com,3,,,
q006_opt_4,q006,dropdown_option,opt4,select01,wwixs.cognitiveservices.azure.com/translator,wwixs.cognitiveservices.azure.com/translator,4,,,
q006_opt_5,q006,dropdown_option,opt5,select02,/detect,/detect,1,,,
q006_opt_6,q006,dropdown_option,opt6,select02,/languages,/languages,2,,,
q006_opt_7,q006,dropdown_option,opt7,select02,/text-to-speech,/text-to-speech,3,,,
q006_opt_8,q006,dropdown_option,opt8,select02,/translate,/translate,4,,,
q007_blank_1,q007,dropdown_blank,select01,,<select01>,,1,QnA Maker Editor,,
q007_blank_2,q007,dropdown_blank,select02,,<select02>,,2,Contributor,,
q007_opt_1,q007,dropdown_option,opt1,select01,Cognitive Service User,Cognitive Service User,1,,,
q007_opt_2,q007,dropdown_option,opt2,select01,Contributor,Contributor,2,,,
q007_opt_3,q007,dropdown_option,opt3,select01,Owner,Owner,3,,,
q007_opt_4,q007,dropdown_option,opt4,select01,QnA Maker Editor,QnA Maker Editor,4,,,
q007_opt_5,q007,dropdown_option,opt5,select01,QnA Maker Read,QnA Maker Read,5,,,
q007_opt_6,q007,dropdown_option,opt6,select02,Cognitive Service User,Cognitive Service User,1,,,
q007_opt_7,q007,dropdown_option,opt7,select02,Contributor,Contributor,2,,,
q007_opt_8,q007,dropdown_option,opt8,select02,Owner,Owner,3,,,
q007_opt_9,q007,dropdown_option,opt9,select02,QnA Maker Editor,QnA Maker Editor,4,,,
q007_opt_10,q007,dropdown_option,opt10,select02,QnA Maker Read,QnA Maker Read,5,,,
q008_blank_1,q008,dropdown_blank,select01,,<select01>,,1,Computer Vision,,
q008_blank_2,q008,dropdown_blank,select02,,<select02>,,2,Language,,
q008_opt_1,q008,dropdown_option,opt1,select01,Azure Cognitive Search,Azure Cognitive Search,1,,,
q008_opt_2,q008,dropdown_option,opt2,select01,Computer Vision,Computer Vision,2,,,
q008_opt_3,q008,dropdown_option,opt3,select01,From Recognizar,From Recognizar,3,,,
q008_opt_4,q008,dropdown_option,opt4,select02,Azure Cognitive Search,Azure Cognitive Search,1,,,
q008_opt_5,q008,dropdown_option,opt5,select02,Computer Vision,Computer Vision,2,,,
q008_opt_6,q008,dropdown_option,opt6,select02,From Recognizar,From Recognizar,3,,,
q008_opt_7,q008,dropdown_option,opt7,select02,Language,Language,4,,,
q010_blank_1,q010,dropdown_blank,select01,,<select01>,,1,トランザクション書き込み。,,
q010_opt_1,q010,dropdown_option,opt1,select01,エンティティ間の関係性の変更。,エンティティ間の関係性の変更。,1,,,
q010_opt_2,q010,dropdown_option,opt2,select01,地理的に分散した書き込み。,地理的に分散した書き込み。,2,,,
q010_opt_3,q010,dropdown_option,opt3,select01,トランザクション書き込み。,トランザクション書き込み。,3,,,
q010_opt_4,q010,dropdown_option,opt4,select01,さまざまなデータ構造を持つ書き込み。,さまざまなデータ構造を持つ書き込み。,4,,,
q034_s1,q034,statement,S1,,解決策: インデックスを追加します。,,1,,,false
q022_s1,q022,statement,S1,,3つの文を異なる声で聞きます。,,1,,,true
q022_s2,q022,statement,S2,,3つの文を異なるアクセントで聞きます。,,2,,,false
q022_s3,q022,statement,S3,,3つの文をニュートラルなトーンで表現して聞きます。,,3,,,false
q011_a,q011,choice,A,,A. 機械学習,A,1,,,true
q011_b,q011,choice,B,,B. 正規表現,B,2,,,false
q011_c,q011,choice,C,,C. 地理V2,C,3,,,false
q011_d,q011,choice,D,,D. パターン.任意,D,4,,,false
q011_e,q011,choice,E,,E. リスト,E,5,,,false
q013_blank_1,q013,dropdown_blank,select01,,<select01>,,1,role,,
q013_blank_2,q013,dropdown_blank,select02,,<select02>,,2,style,,
q013_opt_1,q013,dropdown_option,opt1,select01,role,role,1,,,
q013_opt_2,q013,dropdown_option,opt2,select01,style,style,2,,,
q013_opt_3,q013,dropdown_option,opt3,select01,styledegree,styledegree,3,,,
q013_opt_4,q013,dropdown_option,opt4,select01,type,type,4,,,
q013_opt_5,q013,dropdown_option,opt5,select01,voice,voice,5,,,
q013_opt_6,q013,dropdown_option,opt6,select02,role,role,1,,,
q013_opt_7,q013,dropdown_option,opt7,select02,style,style,2,,,
q013_opt_8,q013,dropdown_option,opt8,select02,styledegree,styledegree,3,,,
q013_opt_9,q013,dropdown_option,opt9,select02,type,type,4,,,
q013_opt_10,q013,dropdown_option,opt10,select02,voice,voice,5,,,
q014_s1,q014,statement,S1,,user.name はエンティティです。,,1,,,false
q014_s2,q014,statement,S2,,ダイアログはユーザー名と年齢を尋ね、user.name プロパティと user.age プロパティに適切な値を割り当てます。,,2,,,true
q014_s3,q014,statement,S3,,チャットボットは、userName または personName の最初の null 以外のエンティティ値を取得し、その値を user.name に割り当てます。,,3,,,true
q015_a,q015,choice,A,,A. Application Insights リソースをプロビジョニングします。,A,1,,,false
q015_b,q015,choice,B,,B. Microsoft Foundry プロジェクトを作成します。,B,2,,,true
q015_c,q015,choice,C,,C. Agent1 を Microsoft Foundry プロジェクトに追加します。,C,3,,,false
q015_d,q015,choice,D,,D. Agent1 を Microsoft Foundry プレイグラウンドに追加します。,D,4,,,false
q016_1,q016,drag_item,1,,新しいクエリキーを追加します。,1,1,,1,
q016_2,q016,drag_item,2,,セカンダリ管理者キーを再生成します。,2,2,,,
q016_3,q016,drag_item,3,,セカンダリ管理者キーを使用するようにアプリを変更します。,3,3,,,
q016_4,q016,drag_item,4,,新しいキーを使用するようにアプリを変更します。,4,4,,2,
q016_5,q016,drag_item,5,,プライマリ管理者キーを再生成します。,5,5,,,
q016_6,q016,drag_item,6,,侵害されたキーを削除します。,6,6,,3,
q019_a,q019,choice,A,,A. toScript=Cyrl,A,1,,,false
q019_b,q019,choice,B,,B. from=el,B,2,,,false
q019_c,q019,choice,C,,C. textType=html,C,3,,,true
q019_d,q019,choice,D,,D. to=el,D,4,,,true
q019_e,q019,choice,E,,E. textType=plain,E,5,,,false
q019_f,q019,choice,F,,F. toScript=Latn,F,6,,,true
q020_1,q020,drag_item,1,,アプリケーションをトレーニングします。,1,1,,3,
q020_2,q020,drag_item,2,,アプリケーションを公開します。,2,2,,4,
q020_3,q020,drag_item,3,,新しいアプリケーションを追加します。,3,3,,1,
q020_4,q020,drag_item,4,,発話例を追加します。,4,4,,,
q020_5,q020,drag_item,5,,事前に構築されたドメインのToDoを追加します。,5,5,,2,
q003_blank_1,q003,dropdown_blank,select01,,Source:<select01>,,1,Azure Blob storage,,
q003_opt_1_1,q003,dropdown_option,opt1_1,select01,Azure Blob storage,Azure Blob storage,1,,,
q003_opt_1_2,q003,dropdown_option,opt1_2,select01,Custom Vison API,Custom Vison API,2,,,
q003_opt_1_3,q003,dropdown_option,opt1_3,select01,Azure Files,Azure Files,3,,,
q003_opt_1_4,q003,dropdown_option,opt1_4,select01,Language Understanding API,Language Understanding API,4,,,
q003_opt_1_5,q003,dropdown_option,opt1_5,select01,Translator API,Translator API,5,,,
q003_opt_1_6,q003,dropdown_option,opt1_6,select01,Computer Vision API,Computer Vision API,6,,,
q003_opt_1_7,q003,dropdown_option,opt1_7,select01,Azure Cosmos DB,Azure Cosmos DB,7,,,
q003_blank_2,q003,dropdown_blank,select02,,Cracking:<select02>,,2,Computer Vision API,,
q003_opt_2_1,q003,dropdown_option,opt2_1,select02,Azure Blob storage,Azure Blob storage,1,,,
q003_opt_2_2,q003,dropdown_option,opt2_2,select02,Custom Vison API,Custom Vison API,2,,,
q003_opt_2_3,q003,dropdown_option,opt2_3,select02,Azure Files,Azure Files,3,,,
q003_opt_2_4,q003,dropdown_option,opt2_4,select02,Language Understanding API,Language Understanding API,4,,,
q003_opt_2_5,q003,dropdown_option,opt2_5,select02,Translator API,Translator API,5,,,
q003_opt_2_6,q003,dropdown_option,opt2_6,select02,Computer Vision API,Computer Vision API,6,,,
q003_opt_2_7,q003,dropdown_option,opt2_7,select02,Azure Cosmos DB,Azure Cosmos DB,7,,,
q003_blank_3,q003,dropdown_blank,select03,,Preparation:<select03>,,3,Translator API,,
q003_opt_3_1,q003,dropdown_option,opt3_1,select03,Azure Blob storage,Azure Blob storage,1,,,
q003_opt_3_2,q003,dropdown_option,opt3_2,select03,Custom Vison API,Custom Vison API,2,,,
q003_opt_3_3,q003,dropdown_option,opt3_3,select03,Azure Files,Azure Files,3,,,
q003_opt_3_4,q003,dropdown_option,opt3_4,select03,Language Understanding API,Language Understanding API,4,,,
q003_opt_3_5,q003,dropdown_option,opt3_5,select03,Translator API,Translator API,5,,,
q003_opt_3_6,q003,dropdown_option,opt3_6,select03,Computer Vision API,Computer Vision API,6,,,
q003_opt_3_7,q003,dropdown_option,opt3_7,select03,Azure Cosmos DB,Azure Cosmos DB,7,,,
q003_blank_4,q003,dropdown_blank,select04,,Destination:<select04>,,4,Azure Files,,
q003_opt_4_1,q003,dropdown_option,opt4_1,select04,Azure Blob storage,Azure Blob storage,1,,,
q003_opt_4_2,q003,dropdown_option,opt4_2,select04,Custom Vison API,Custom Vison API,2,,,
q003_opt_4_3,q003,dropdown_option,opt4_3,select04,Azure Files,Azure Files,3,,,
q003_opt_4_4,q003,dropdown_option,opt4_4,select04,Language Understanding API,Language Understanding API,4,,,
q003_opt_4_5,q003,dropdown_option,opt4_5,select04,Translator API,Translator API,5,,,
q003_opt_4_6,q003,dropdown_option,opt4_6,select04,Computer Vision API,Computer Vision API,6,,,
q003_opt_4_7,q003,dropdown_option,opt4_7,select04,Azure Cosmos DB,Azure Cosmos DB,7,,,
q012_blank_1,q012,dropdown_blank,select01,,社内支出申請承認フォーム:<select01>,,1,An Azure AI Document Intelligence custom model,,
q012_opt_1_1,q012,dropdown_option,opt1_1,select01,An Azure AI Document Intelligence custom model,An Azure AI Document Intelligence custom model,1,,,
q012_opt_1_2,q012,dropdown_option,opt1_2,select01,An Azure AI Document Intelligence pre-built model,An Azure AI Document Intelligence pre-built model,2,,,
q012_opt_1_3,q012,dropdown_option,opt1_3,select01,Azure Custom Vision,Azure Custom Vision,3,,,
q012_opt_1_4,q012,dropdown_option,opt1_4,select01,Azure Immersive Reader,Azure Immersive Reader,4,,,
q012_opt_1_5,q012,dropdown_option,opt1_5,select01,Azure AI Vision,Azure AI Vision,5,,,
q012_blank_2,q012,dropdown_blank,select02,,仕入先請求書:<select02>,,2,Azure Immersive Reader,,
q012_opt_2_1,q012,dropdown_option,opt2_1,select02,An Azure AI Document Intelligence custom model,An Azure AI Document Intelligence custom model,1,,,
q012_opt_2_2,q012,dropdown_option,opt2_2,select02,An Azure AI Document Intelligence pre-built model,An Azure AI Document Intelligence pre-built model,2,,,
q012_opt_2_3,q012,dropdown_option,opt2_3,select02,Azure Custom Vision,Azure Custom Vision,3,,,
q012_opt_2_4,q012,dropdown_option,opt2_4,select02,Azure Immersive Reader,Azure Immersive Reader,4,,,
q012_opt_2_5,q012,dropdown_option,opt2_5,select02,Azure AI Vision,Azure AI Vision,5,,,
q017_1,q017,drag_item,1,,Completionsプレイグラウンドを開き、デプロイ済みのモデルを選択します。,1,1,,,
q017_2,q017,drag_item,2,,新しいデプロイメントを作成し、DALL-Eモデルを選択します。,2,2,,,
q017_3,q017,drag_item,3,,Chatプレイグラウンドを開き、デプロイ済みのモデルを選択します。,3,3,,2,
q017_4,q017,drag_item,4,,システムメッセージフィールドに「You are an AI assistant that describes images.（画像を説明するAIアシスタントです）」と入力します。,4,4,,3,
q017_5,q017,drag_item,5,,新しいデプロイメントを作成し、GPT-4モデルを選択し、モデルバージョンをvision-previewに設定します。,5,5,,1,
q017_6,q017,drag_item,6,,新しいデプロイメントを作成し、text-embedding-ada-002モデルを選択し、モデルバージョンを2.0に設定します。,6,6,,,
q017_7,q017,drag_item,7,,Chatセッションペインで、「Describe this image（この画像を説明してください）」というテキストプロンプトを入力し、添付ボタンを使用して画像をアップロードします。,7,7,,4,
q018_1,q018,drag_item,1,,Server1 から docker push コマンドを実行します。,1,1,,,
q018_2,q018,drag_item,2,,Azure 上の Azure AI Anomaly Detector の予測エンドポイントをクエリします。,2,2,,,
q018_3,q018,drag_item,3,,Server1 に Docker エンジンをインストールします。,3,3,,1,
q018_4,q018,drag_item,4,,Server1 から docker pull コマンドを実行します。,4,4,,2,
q018_5,q018,drag_item,5,,Server1 から docker run コマンドを実行します。,5,5,,3,
q018_6,q018,drag_item,6,,Server1 の予測エンドポイントをクエリします。,6,6,,4,
q021_a,q021,choice,A,,A. 言語オーサリング REST エンドポイントから、モデル評価の概要を取得します。,A,1,,,true
q021_b,q021,choice,B,,B. Language Studio から、アクティブ ラーニングを有効にし、レビュー用に記録された発話を検証します。,B,2,,,false
q021_c,q021,choice,C,,C. Language Studio から、モデルのパフォーマンスを選択します。,C,3,,,true
q021_d,q021,choice,D,,D. Azure ポータルから、Log Analytics でログ収集を有効にし、ログを分析します。,D,4,,,false
q023_1,q023,drag_item,1,,Azure Bot Service にボットを登録します。,1,1,,,
q023_2,q023,drag_item,2,,Bot Framework Composer を開きます。,2,2,,,
q023_3,q023,drag_item,3,,ボットをビルドして実行します。,3,3,,1,
q023_4,q023,drag_item,4,,Bot Framework Emulator を開きます。,4,4,,2,
q023_5,q023,drag_item,5,,ボットのエンドポイントに接続します。,5,5,,3,
q024_a,q024,choice,A,,A. キオスク システムを説明する声優の 5 分間の wav または mp3 ファイル,A,1,,,false
q024_b,q024,choice,B,,B. 5 分間の .flac オーディオ ファイルと関連するトランスクリプトを aw ファイルとして,B,2,,,false
q024_c,q024,choice,C,,C. 声の合成バージョンの作成に同意した声優の .wav または mp3 ファイル,C,3,,,true
q024_d,q024,choice,D,,D. 10 秒の .wav ファイルと関連するトランスクリプトを .txt ファイルとして含む .zip ファイル,D,4,,,false
q025_blank_1,q025,dropdown_blank,select01,,Benefitsフィールドの型:<select01>,,1,table,,
q025_opt_1_1,q025,dropdown_option,opt1_1,select01,fixed table,fixed table,1,,,
q025_opt_1_2,q025,dropdown_option,opt1_2,select01,string,string,2,,,
q025_opt_1_3,q025,dropdown_option,opt1_3,select01,table,table,3,,,
q025_blank_2,q025,dropdown_blank,select02,,スキーマのフィールド数:<select02>,,2,5,,
q025_opt_2_1,q025,dropdown_option,opt2_1,select02,2,2,1,,,
q025_opt_2_2,q025,dropdown_option,opt2_2,select02,5,5,2,,,
q025_opt_2_3,q025,dropdown_option,opt2_3,select02,10,10,3,,,
q026_a,q026,choice,A,,A. Azure Al 言語,A,1,,,true
q026_b,q026,choice,B,,B. Azure 機械学習,B,2,,,false
q026_c,q026,choice,C,,C. Azure OpenAI,C,3,,,false
q026_d,q026,choice,D,,D. Azure AI ドキュメント インテリジェンス,D,4,,,false
q027_1,q027,drag_item,1,,あらかじめ構築されたドメインのToDoを追加します。,1,1,,2,
q027_2,q027,drag_item,2,,新しいアプリケーションを追加します。,2,2,,1,
q027_3,q027,drag_item,3,,発話例を追加します。,3,3,,,
q027_4,q027,drag_item,4,,アプリケーションをトレーニングします。,4,4,,3,
q027_5,q027,drag_item,5,,アプリケーションを公開します。,5,5,,4,
q028_blank_1,q028,dropdown_blank,select01,,着信ボイスメールをフランス語で受信します:<select01>,,1,AudioConfig,,
q028_opt_1_1,q028,dropdown_option,opt1_1,select01,AudioConfig,AudioConfig,1,,,
q028_opt_1_2,q028,dropdown_option,opt1_2,select01,SpeechConfig,SpeechConfig,2,,,
q028_opt_1_3,q028,dropdown_option,opt1_3,select01,SpeechTransaltionConfig,SpeechTransaltionConfig,3,,,
q028_opt_1_4,q028,dropdown_option,opt1_4,select01,TextTranslationClient,TextTranslationClient,4,,,
q028_blank_2,q028,dropdown_blank,select02,,ボイスメールをフランス語から英語に変換します:<select02>,,2,TranslationRecognizer,,
q028_opt_2_1,q028,dropdown_option,opt2_1,select02,SpeechSynthesizer,SpeechSynthesizer,1,,,
q028_opt_2_2,q028,dropdown_option,opt2_2,select02,TextTransactionClient,TextTransactionClient,2,,,
q028_opt_2_3,q028,dropdown_option,opt2_3,select02,TranslationRecognitionResult,TranslationRecognitionResult,3,,,
q028_opt_2_4,q028,dropdown_option,opt2_4,select02,TranslationRecognizer,TranslationRecognizer,4,,,
q029_blank_1,q029,dropdown_blank,select01,,授業計画を分析します:<select01>,,1,Azure AI Document Intelligence,,
q029_opt_1_1,q029,dropdown_option,opt1_1,select01,Azure AI Search,Azure AI Search,1,,,
q029_opt_1_2,q029,dropdown_option,opt1_2,select01,Azure Custom Vision,Azure Custom Vision,2,,,
q029_opt_1_3,q029,dropdown_option,opt1_3,select01,Azure AI Document Intelligence,Azure AI Document Intelligence,3,,,
q029_opt_1_4,q029,dropdown_option,opt1_4,select01,Immersive Reader,Immersive Reader,4,,,
q029_blank_2,q029,dropdown_blank,select02,,学習内容を分析します:<select02>,,2,Immersive Reader,,
q029_opt_2_1,q029,dropdown_option,opt2_1,select02,Azure AI Search,Azure AI Search,1,,,
q029_opt_2_2,q029,dropdown_option,opt2_2,select02,Azure Custom Vision,Azure Custom Vision,2,,,
q029_opt_2_3,q029,dropdown_option,opt2_3,select02,Azure AI Document Intelligence,Azure AI Document Intelligence,3,,,
q029_opt_2_4,q029,dropdown_option,opt2_4,select02,Immersive Reader,Immersive Reader,4,,,
q030_blank_1,q030,dropdown_blank,select01,,URL 前半のリソース パス:<select01>,,1,subscriptions/8d3591aa-96b8-4737-ad09-OOf9b1ed35ad,,
q030_opt_1_1,q030,dropdown_option,opt1_1,select01,subscriptions/3dsad21256dsadasdsasdsasdas,subscriptions/3dsad21256dsadasdsasdsasdas,1,,,
q030_opt_1_2,q030,dropdown_option,opt1_2,select01,subscriptions/8d3591aa-96b8-4737-ad09-OOf9b1ed35ad,subscriptions/8d3591aa-96b8-4737-ad09-OOf9b1ed35ad,2,,,
q030_opt_1_3,q030,dropdown_option,opt1_3,select01,tenant/3edfe572-cbS4-3ced-ae12-c5c177f39a12,tenant/3edfe572-cbS4-3ced-ae12-c5c177f39a12,3,,,
q030_opt_1_4,q030,dropdown_option,opt1_4,select01,tenant/sad2162876qsadhahd2182,tenant/sad2162876qsadhahd2182,4,,,
q030_blank_2,q030,dropdown_blank,select02,,プロバイダー名:<select02>,,2,Microsoft.CognitiveServices,,
q030_opt_2_1,q030,dropdown_option,opt2_1,select02,Microsoft.ApiManagement,Microsoft.ApiManagement,1,,,
q030_opt_2_2,q030,dropdown_option,opt2_2,select02,Microsoft.CognitiveServices,Microsoft.CognitiveServices,2,,,
q030_opt_2_3,q030,dropdown_option,opt2_3,select02,Microsoft.ContainerService,Microsoft.ContainerService,3,,,
q030_opt_2_4,q030,dropdown_option,opt2_4,select02,Microsoft.KeyValut,Microsoft.KeyValut,4,,,
q031_s1,q031,statement,S1,,File.wav という名前のファイルが既に存在する場合、この関数は失敗します。,,1,,,false
q031_s2,q031,statement,S2,,この関数は File.wav をサンプリングし、合成音声として使用します。,,2,,,false
q031_s3,q031,statement,S3,,この関数は入力テキストに基づいて音声ファイルを生成します。,,3,,,true
q032_a,q032,choice,A,,A. https://uksouth.customvoice.apispeech.microsoft.eom/api/texttospeech/v3.0/longaudiosynthesis/voices,A,1,,,false
q032_b,q032,choice,B,,B. https://uksouth.tts.speech.microsoft.conT/cognitiveservices/voices/list,B,2,,,true
q032_c,q032,choice,C,,C. https://uksouth.voice.speech.microsoft.com/cognitiveservices/v1?deploymentld = {deployment>,C,3,,,false
q032_d,q032,choice,D,,D. https://uksouth.api.cognitive.microsoft.eom/speechtotext/v3.0/models/base,D,4,,,false
q033_a,q033,choice,A,,A. /vision/v3.2/read/analyzeResults,A,1,,,true
q033_b,q033,choice,B,,B. /formrecognizer/v2.0/prebuilt/receipt/analyze,B,2,,,false
q033_c,q033,choice,C,,C. /vision/v3.2/read/analyze,C,3,,,true
q033_d,q033,choice,D,,D. /vision/v3.2/describe,D,4,,,false
q033_e,q033,choice,E,,E. /formercognizer/v2.0/custom/models{modelId}/analyze,E,5,,,false
q035_s1,q035,statement,S1,,解決策: カスタマー管理キー (CMK) 暗号化を有効にします。,,1,,,false
q036_blank_1,q036,dropdown_blank,select01,,<select01>,,1,PUT,,
q036_opt_1_1,q036,dropdown_option,opt1_1,select01,GET,GET,1,,,
q036_opt_1_2,q036,dropdown_option,opt1_2,select01,PATCH,PATCH,2,,,
q036_opt_1_3,q036,dropdown_option,opt1_3,select01,POST,POST,3,,,
q036_opt_1_4,q036,dropdown_option,opt1_4,select01,PUT,PUT,4,,,
q036_blank_2,q036,dropdown_blank,select02,,<select02>,,2,contentunderstanding,,
q036_opt_2_1,q036,dropdown_option,opt2_1,select02,contentsafyty,contentsafyty,1,,,
q036_opt_2_2,q036,dropdown_option,opt2_2,select02,contentunderstanding,contentunderstanding,2,,,
q036_opt_2_3,q036,dropdown_option,opt2_3,select02,documentintelligence,documentintelligence,3,,,
q036_opt_2_4,q036,dropdown_option,opt2_4,select02,languageunderstanding,languageunderstanding,4,,,
q037_blank_1,q037,dropdown_blank,select01,,Custom neural voice:<select01>,,1,The Speech Studio portal,,
q037_opt_1_1,q037,dropdown_option,opt1_1,select01,Microsoft Bot Freamework Composer,Microsoft Bot Freamework Composer,1,,,
q037_opt_1_2,q037,dropdown_option,opt1_2,select01,The Azure Portal,The Azure Portal,2,,,
q037_opt_1_3,q037,dropdown_option,opt1_3,select01,The Language Understanding portal,The Language Understanding portal,3,,,
q037_opt_1_4,q037,dropdown_option,opt1_4,select01,The Speech Studio portal,The Speech Studio portal,4,,,
q037_blank_2,q037,dropdown_blank,select02,,Narration:<select02>,,2,Text-to-speech,,
q037_opt_2_1,q037,dropdown_option,opt2_1,select02,The Language Understanding,The Language Understanding,1,,,
q037_opt_2_2,q037,dropdown_option,opt2_2,select02,Speaker Recognition,Speaker Recognition,2,,,
q037_opt_2_3,q037,dropdown_option,opt2_3,select02,Speech-to-text,Speech-to-text,3,,,
q037_opt_2_4,q037,dropdown_option,opt2_4,select02,Text-to-speech,Text-to-speech,4,,,
q038_a,q038,choice,A,,A. 検索要求とともに Azure AD アクセス トークンを送信します。,A,1,,,false
q038_b,q038,choice,B,,B. すべてのグループを取得します。,B,2,,,false
q038_c,q038,choice,C,,C. ユーザーのグループ メンバーシップを取得します。,C,3,,,true
q038_d,q038,choice,D,,D. 許可されたグループを各インデックス エントリに追加します。,D,4,,,true
q038_e,q038,choice,E,,E. グループごとに 1 つのインデックスを作成します。,E,5,,,false
q038_f,q038,choice,F,,F. 検索リクエストのフィルターとしてグループを指定します。,F,6,,,true
q039_a,q039,choice,A,,A. クラウド アプリ向け Microsoft Defender,A,1,,,false
q039_b,q039,choice,B,,B. Azure AI カスタムビジョン,B,2,,,false
q039_c,q039,choice,C,,C. アズール・アル・ビジョン,C,3,,,true
q039_d,q039,choice,D,,D. Azure AI コンテンツの安全性,D,4,,,true
q039_e,q039,choice,E,,E. Azure AI ドキュメント インテリジェンス,E,5,,,false
q040_blank_1,q040,dropdown_blank,select01,,社内製品開発用のコードネームを特定します。<select01>,,1,カスタム固有表現抽出(NFR),,
q040_opt_1_1,q040,dropdown_option,opt1_1,select01,カスタム固有表現抽出(NFR),カスタム固有表現抽出(NFR),1,,,
q040_opt_1_2,q040,dropdown_option,opt1_2,select01,キーフレーズ抽出,キーフレーズ抽出,2,,,
q040_opt_1_3,q040,dropdown_option,opt1_3,select01,言語検出,言語検出,3,,,
q040_opt_1_4,q040,dropdown_option,opt1_4,select01,固有表現抽出(NFR),固有表現抽出(NFR),4,,,
q040_opt_1_5,q040,dropdown_option,opt1_5,select01,個人識別情報(PII)検出,個人識別情報(PII)検出,5,,,
q040_opt_1_6,q040,dropdown_option,opt1_6,select01,感情分析,感情分析,6,,,
q040_blank_2,q040,dropdown_blank,select02,,クレジットカード番号を含むメッセージを識別します。<select02>,,2,個人識別情報(PII)検出,,
q040_opt_2_1,q040,dropdown_option,opt2_1,select02,カスタム固有表現抽出(NFR),カスタム固有表現抽出(NFR),1,,,
q040_opt_2_2,q040,dropdown_option,opt2_2,select02,キーフレーズ抽出,キーフレーズ抽出,2,,,
q040_opt_2_3,q040,dropdown_option,opt2_3,select02,言語検出,言語検出,3,,,
q040_opt_2_4,q040,dropdown_option,opt2_4,select02,固有表現抽出(NFR),固有表現抽出(NFR),4,,,
q040_opt_2_5,q040,dropdown_option,opt2_5,select02,個人識別情報(PII)検出,個人識別情報(PII)検出,5,,,
q040_opt_2_6,q040,dropdown_option,opt2_6,select02,感情分析,感情分析,6,,,
q041_blank_1,q041,dropdown_blank,select01,,select01,,1,ChatRole.User,,
q041_blank_2,q041,dropdown_blank,select02,,select02,,2,Temperature,,
q041_opt_1_1,q041,dropdown_option,opt1_1,select01,ChatRole.Assistant,ChatRole.Assistant,1,,,
q041_opt_1_2,q041,dropdown_option,opt1_2,select01,ChatRole.Function,ChatRole.Function,2,,,
q041_opt_1_3,q041,dropdown_option,opt1_3,select01,ChatRole.System,ChatRole.System,3,,,
q041_opt_1_4,q041,dropdown_option,opt1_4,select01,ChatRole.User,ChatRole.User,4,,,
q041_opt_2_1,q041,dropdown_option,opt2_1,select02,ChatRole.User,ChatRole.User,1,,,
q041_opt_2_2,q041,dropdown_option,opt2_2,select02,PresencePenalty,PresencePenalty,2,,,
q041_opt_2_3,q041,dropdown_option,opt2_3,select02,Temperature,Temperature,3,,,
q041_opt_2_4,q041,dropdown_option,opt2_4,select02,TokenSelectionBiasses,TokenSelectionBiasses,4,,,
q042_a,q042,choice,A,,A. リストエンティティ,A,1,,,False
q042_b,q042,choice,B,,B. 学習したエンティティ,B,2,,,False
q042_c,q042,choice,C,,C. 発話,C,3,,,False
q042_d,q042,choice,D,,D. 正規表現の構成要素,D,4,,,False
q042_e,q042,choice,E,,E. 事前に構築されたエンティティコンポーネント,E,5,,,True
q043_blank_1,q043,dropdown_blank,select01,,<select01>,,1,FormRecognizer,,
q043_blank_2,q043,dropdown_blank,select02,,<select02>,,2,"""S0"", ""eastus"")","",
q043_opt_1_1,q043,dropdown_option,opt1_1,select01,ComputerVision,ComputerVision,1,,,
q043_opt_1_2,q043,dropdown_option,opt1_2,select01,CustomVision.Prediction,CustomVision.Prediction,2,,,
q043_opt_1_3,q043,dropdown_option,opt1_3,select01,CustomVision.Training,CustomVision.Training,3,,,
q043_opt_1_4,q043,dropdown_option,opt1_4,select01,FormRecognizer,FormRecognizer,4,,,
q043_opt_2_1,q043,dropdown_option,opt2_1,select02,"""eastus"", ""S1"")","""eastus"", ""S1"")",1,,,
q043_opt_2_2,q043,dropdown_option,opt2_2,select02,"""useast"", ""S1"")","""useast"", ""S1"")",2,,,
q043_opt_2_3,q043,dropdown_option,opt2_3,select02,"""S0"", ""eastus"")","""S0"", ""eastus"")",3,,,
q043_opt_2_4,q043,dropdown_option,opt2_4,select02,"""S0"", ""useast"")","""S0"", ""useast"")",4,,,
q044_blank_1,q044,dropdown_blank,select01,,<select01>,,1,"(""api-nam.cognitive.microsofttranslator.com"")",,
q044_blank_2,q044,dropdown_blank,select02,,<select02>,,2,"""/translate?to=en""",,
q044_opt_1_1,q044,dropdown_option,opt1_1,select01,"(""api.cognitive.microsofttranslator.com"")","(""api.cognitive.microsofttranslator.com"")",1,,,
q044_opt_1_2,q044,dropdown_option,opt1_2,select01,"(""api.apc.cognitive.microsofttranslator.com"")","(""api.apc.cognitive.microsofttranslator.com"")",2,,,
q044_opt_1_3,q044,dropdown_option,opt1_3,select01,"(""api-nam.cognitive.microsofttranslator.com"")","(""api-nam.cognitive.microsofttranslator.com"")",3,,,
q044_opt_2_1,q044,dropdown_option,opt2_1,select02,"""/translate?from=en""","""/translate?from=en""",1,,,
q044_opt_2_2,q044,dropdown_option,opt2_2,select02,"""/translate?suggestedFrom=en""","""/translate?suggestedFrom=en""",2,,,
q044_opt_2_3,q044,dropdown_option,opt2_3,select02,"""/translate?to=en""","""/translate?to=en""",3,,,
q044_opt_2_4,q044,dropdown_option,opt2_4,select02,"""/detect?to=en""","""/detect?to=en""",4,,,
q044_opt_2_5,q044,dropdown_option,opt2_5,select02,"""/detect?from=en""","""/detect?from=en""",5,,,
q045_a,q045,choice,A,,A. vnet1 のネットワーク セキュリティ グループ (NSG),A,1,,,False
q045_b,q045,choice,B,,B. vnet1 の Azure Firewall,B,2,,,False
q045_c,q045,choice,C,,C. ta1の仮想ネットワーク設定,C,3,,,True
q045_d,q045,choice,D,,D. ta1の言語サービスコンテナ,D,4,,,False
q046_a,q046,choice,A,,A. FormRecognizerClienc クライアントと ScarcRecognizeConcencFromUri メソッド,A,1,,,False
q046_b,q046,choice,B,,B. FormTrainingClienc クライアントと ScarcRecognizeContentFromUri メソッド,B,2,,,False
q046_c,q046,choice,C,,C. FormRecognizerClienc クライアントと ScarcRecognizeReceipcsFromUri メソッド,C,3,,,True
q046_d,q046,choice,D,,D. FormTrainingClient クライアントと ScarcRecognizeReceipcsFromUri メソッド,D,4,,,False
q047_s1,q047,statement,S1,,解決策: FindContact インテント内のフレーズごとに新しい発話を作成します。,,1,,,True
q048_s1,q048,statement,S1,,解決策: service1 とパブリック エンドポイントをデプロイし、IP ファイアウォール ルールを構成します。,,1,,,False
q049_s1,q049,statement,S1,,このコードは、人物グループ内の人物オブジェクトに顔画像を追加します。,,1,,,True
q049_s2,q049,statement,S2,,"このコードは10,000人のグループで動作します。",,2,,,True
q049_s3,q049,statement,S3,,addface を複数回呼び出すことで、人物オブジェクトに複数の顔画像を追加できます。,,3,,,True
q050_a,q050,choice,A,,A. コンピュータビジョンにおける物体検出,A,1,,,False
q050_b,q050,choice,B,,B. コンピュータビジョンのコンテンツタグ,B,2,,,False
q050_c,q050,choice,C,,C. コンピュータビジョンにおける画像の説明,C,3,,,True
q050_d,q050,choice,D,,D. コンピュータビジョンにおける画像種別検出,D,4,,,True
q050_e,q050,choice,E,,E. Custom Vision での画像分類,E,5,,,False
q051_blank_1,q051,dropdown_blank,select01,,代替テキストを生成:<select01>,,1,"https://westus.api.cognitive.microsoft.com/vision/v3.2/analyze/?visualFeatures=Adult,Description",,
q051_blank_2,q051,dropdown_blank,select02,,不適切なコンテンツを検出:<select02>,,2,"https://westus.api.cognitive.microsoft.com/vision/v3.2/analyze/?visualFeatures=Adult,Description",,
q051_opt_1_1,q051,dropdown_option,opt1_1,select01,https://westus.api.cognitive.microsoft.com/cuntentmoderator/moderate/v1.0/ProcessImage/Evaluate,https://westus.api.cognitive.microsoft.com/cuntentmoderator/moderate/v1.0/ProcessImage/Evaluate,1,,,
q051_opt_1_2,q051,dropdown_option,opt1_2,select01,https://westus.api.cognitive.microsoft.com/customvision/v3.1/prediction/projectId/classify/iterations/publishedName/image,https://westus.api.cognitive.microsoft.com/customvision/v3.1/prediction/projectId/classify/iterations/publishedName/image,2,,,
q051_opt_1_3,q051,dropdown_option,opt1_3,select01,"https://westus.api.cognitive.microsoft.com/vision/v3.2/analyze/?visualFeatures=Adult,Description","https://westus.api.cognitive.microsoft.com/vision/v3.2/analyze/?visualFeatures=Adult,Description",3,,,
q051_opt_2_1,q051,dropdown_option,opt2_1,select02,https://westus.api.cognitive.microsoft.com/cuntentmoderator/moderate/v1.0/ProcessImage/Evaluate,https://westus.api.cognitive.microsoft.com/cuntentmoderator/moderate/v1.0/ProcessImage/Evaluate,1,,,
q051_opt_2_2,q051,dropdown_option,opt2_2,select02,https://westus.api.cognitive.microsoft.com/customvision/v3.1/prediction/projectId/classify/iterations/publishedName/image,https://westus.api.cognitive.microsoft.com/customvision/v3.1/prediction/projectId/classify/iterations/publishedName/image,2,,,
q051_opt_2_3,q051,dropdown_option,opt2_3,select02,"https://westus.api.cognitive.microsoft.com/vision/v3.2/analyze/?visualFeatures=Adult,Description","https://westus.api.cognitive.microsoft.com/vision/v3.2/analyze/?visualFeatures=Adult,Description",3,,,
q051_opt_2_4,q051,dropdown_option,opt2_4,select02,https://westus.api.cognitive.microsoft.com/vision/v3.2/descrive?maxCandidates=1,https://westus.api.cognitive.microsoft.com/vision/v3.2/descrive?maxCandidates=1,4,,,
q052_1,q052,drag_item,1,,新しい質問と回答（QnA）のペアを追加します。,1,1,,,
q052_2,q052,drag_item,2,,モデルを再トレーニングします。,2,2,,2,
q052_3,q052,drag_item,3,,ドキュメントに質問を追加します。,3,3,,,
q052_4,q052,drag_item,4,,モデルを再公開します。,4,4,,3,
q052_5,q052,drag_item,5,,質問と回答（QnA）のペアに代替の言い回しを追加します。,5,5,,1,
q053_a,q053,choice,A,,A. Azure AI ビデオ インデクサー,A,1,,,False
q053_b,q053,choice,B,,B. Azure AI カスタムビジョン,B,2,,,True
q053_c,q053,choice,C,,C. Azure 機械学習,C,3,,,False
q053_d,q053,choice,D,,D. Foundry ツールの Azure Vision,D,4,,,False
q054_blank_1,q054,dropdown_blank,select01,,リレーショナルデータは <select01> に保存されます。,,1,行と列からなる表形式。,,
q054_opt_1_1,q054,dropdown_option,opt1_1,select01,非構造化データとしてのファイルシステム。,非構造化データとしてのファイルシステム。,1,,,
q054_opt_1_2,q054,dropdown_option,opt1_2,select01,階層的なフォルダ構造。,階層的なフォルダ構造。,2,,,
q054_opt_1_3,q054,dropdown_option,opt1_3,select01,行と列からなる表形式。,行と列からなる表形式。,3,,,
q054_opt_1_4,q054,dropdown_option,opt1_4,select01,カンマ区切り値(CSV)ファイル。,カンマ区切り値(CSV)ファイル。,4,,,
q055_blank_1,q055,dropdown_blank,select01,,着信言語を検出します:<select01>。,,1,Speech to Text,,
q055_blank_2,q055,dropdown_blank,select02,,発信者の母国語で応答します:<select02>。,,2,Text to Speech,,
q055_opt_1_1,q055,dropdown_option,opt1_1,select01,Spealer Recognition,Spealer Recognition,1,,,
q055_opt_1_2,q055,dropdown_option,opt1_2,select01,Speech to Text,Speech to Text,2,,,
q055_opt_1_3,q055,dropdown_option,opt1_3,select01,Text Analytics,Text Analytics,3,,,
q055_opt_1_4,q055,dropdown_option,opt1_4,select01,Text to Speech,Text to Speech,4,,,
q055_opt_1_5,q055,dropdown_option,opt1_5,select01,Translator,Translator,5,,,
q055_opt_2_1,q055,dropdown_option,opt2_1,select02,Spealer Recognition,Spealer Recognition,1,,,
q055_opt_2_2,q055,dropdown_option,opt2_2,select02,Speech to Text,Speech to Text,2,,,
q055_opt_2_3,q055,dropdown_option,opt2_3,select02,Text Analytics,Text Analytics,3,,,
q055_opt_2_4,q055,dropdown_option,opt2_4,select02,Text to Speech,Text to Speech,4,,,
q055_opt_2_5,q055,dropdown_option,opt2_5,select02,Translator,Translator,5,,,
q056_a,q056,choice,A,,A. コンピュータービジョン画像解析,A,1,,,False
q056_b,q056,choice,B,,B. コンピュータビジョンの読み取りAPI,B,2,,,True
q056_c,q056,choice,C,,C. フォーム認識機能,C,3,,,False
q056_d,q056,choice,D,,D. 言語向け Azure Cognitive Service,D,4,,,False
q057_s1,q057,statement,S1,,解決策: service1 とプライベート エンドポイントを vnet1 にデプロイします。,,1,,,True
q058_1,q058,drag_item,1,,text-embedding-ada-002 モデルを使用するデプロイメントを作成します。,1,1,,,
q058_2,q058,drag_item,2,,デフォルトのシステムメッセージテンプレートを適用します。,2,2,,,
q058_3,q058,drag_item,3,,GPT-35 Turbo モデルを使用するデプロイメントを作成します。,3,3,,1,
q058_4,q058,drag_item,4,,Marketing Writing Assistant システムメッセージテンプレートを適用します。,4,4,,2,
q058_5,q058,drag_item,5,,ソリューションを新しい Web アプリにデプロイします。,5,5,,3,
q059_blank_1,q059,dropdown_blank,select01,,Azure 上の Microsoft SQL Server の Infrastructure as a Service (IaaS) インスタンスでは、SQL Server をホストする <select01> を管理します。,,1,virtual machine,,
q059_opt_1_1,q059,dropdown_option,opt1_1,select01,elastic pool,elastic pool,1,,,
q059_opt_1_2,q059,dropdown_option,opt1_2,select01,MySQL server,MySQL server,2,,,
q059_opt_1_3,q059,dropdown_option,opt1_3,select01,PostgreSQL server,PostgreSQL server,3,,,
q059_opt_1_4,q059,dropdown_option,opt1_4,select01,virtual machine,virtual machine,4,,,
q060_s1,q060,statement,S1,,http://localhost:5000/status にアクセスすると、Azure エンドポイントにクエリが実行され、コンテナーの起動に使用された API キーが有効かどうかが確認されます。,,1,,,False
q060_s2,q060,statement,S2,,コンテナー ログ プロバイダーがログ データを書き込みます。,,2,,,True
q060_s3,q060,statement,S3,,http://localhost:5000/swagger にアクセスすると、利用可能なエンドポイントのドキュメントにアクセスするための詳細情報が表示されます。,,3,,,True
q061_a,q061,choice,A,,A. ダイアログ,A,1,,,True
q061_b,q061,choice,B,,B. ユーザー,B,2,,,False
q061_c,q061,choice,C,,C. なぜ,C,3,,,False
q061_d,q061,choice,D,,D. 会話,D,4,,,False
q062_1,q062,drag_item,1,,分類器モデルをトレーニングします。,1,1,,3,
q062_2,q062,drag_item,2,,画像をアップロードしてタグ付けします。,2,2,,2,
q062_3,q062,drag_item,3,,トレーニングデータセットを初期化します。,3,3,,,
q062_4,q062,drag_item,4,,物体検出モデルをトレーニングします。,4,4,,,
q062_5,q062,drag_item,5,,プロジェクトを作成します。,5,5,,1,
q063_1,q063,drag_item,1,,az ad app credential,1,1,,,
q063_2,q063,drag_item,2,,az ad app create,2,2,,1,
q063_3,q063,drag_item,3,,az deployment group create,3,3,,2,
q063_4,q063,drag_item,4,,az webapp deployment source config-zip,4,4,,3,
q063_5,q063,drag_item,5,,az ad app update,5,5,,,
q064_blank_1,q064,dropdown_blank,select01,,<select01>,,1,https://contoso1.cognitiveservices.azure.com,,
q064_blank_2,q064,dropdown_blank,select02,,<select02>,,2,generateThumbnail,,
q064_opt_1_1,q064,dropdown_option,opt1_1,select01,https://api.projectoxford.ai,https://api.projectoxford.ai,1,,,
q064_opt_1_2,q064,dropdown_option,opt1_2,select01,https://contoso1.cognitiveservices.azure.com,https://contoso1.cognitiveservices.azure.com,2,,,
q064_opt_1_3,q064,dropdown_option,opt1_3,select01,https://westus.api.cognitive.microsoft.com,https://westus.api.cognitive.microsoft.com,3,,,
q064_opt_2_1,q064,dropdown_option,opt2_1,select02,are◯flnterest,are◯flnterest,1,,,
q064_opt_2_2,q064,dropdown_option,opt2_2,select02,detect,detect,2,,,
q064_opt_2_3,q064,dropdown_option,opt2_3,select02,generateThumbnail,generateThumbnail,3,,,
q065_a,q065,choice,A,,A. 接続文字列,A,1,,,False
q065_b,q065,choice,B,,B. プロジェクトスコープキー,B,2,,,False
q065_c,q065,choice,C,,C. AIProjectClient オブジェクト,C,3,,,True
q065_d,q065,choice,D,,D. SASCredentialsオブジェクト,D,4,,,False
q066_1,q066,drag_item,1,,Azure で言語サービス リソースをプロビジョニングします。,1,1,,1,
q066_2,q066,drag_item,2,,Azure コンテナー インスタンスに Docker コンテナーをデプロイします。,2,2,,,
q066_3,q066,drag_item,3,,オンプレミス サーバーに Docker コンテナーをデプロイします。,3,3,,2,
q066_4,q066,drag_item,4,,言語サービス エンドポイント URL を特定し、予測エンドポイントに対してクエリを実行します。,4,4,,,
q066_5,q066,drag_item,5,,コンテナーを実行し、予測エンドポイントに対してクエリを実行します。,5,5,,3,
q067_s1,q067,statement,S1,,解決策: Content Safety Studio から、Safety メタプロンプト機能を使用してテストを実行します。,,1,,,False
q068_a,q068,choice,A,,A. XML,A,1,,,False
q068_b,q068,choice,B,,B. JSONL,B,2,,,True
q068_c,q068,choice,C,,C. CSV,C,3,,,False
q068_d,q068,choice,D,,D. TSV,D,4,,,False
q069_a,q069,choice,A,,A. ビジュアルスタジオ,A,1,,,False
q069_b,q069,choice,B,,B. Azure AI Vision の Vision Studio,B,2,,,False
q069_c,q069,choice,C,,C. Azure AI コンテンツ セーフティ スタジオ,C,3,,,True
q069_d,q069,choice,D,,D. Azure AI スタジオ,D,4,,,False
q070_a,q070,choice,A,,A. 言語検出スキルとテキスト翻訳スキルを含むスキルセットに接続された Azure Blob Storage のインデクサー,A,1,,,False
q070_b,q070,choice,B,,B. 言語検出スキルを含むスキルセットにアタッチされた Azure Blob ストレージのインデクサー,B,2,,,False
q070_c,q070,choice,C,,C. ドキュメント抽出スキルとテキスト翻訳スキルを含むスキルセットに接続された Azure Cosmos DB のインデクサー,C,3,,,True
q070_d,q070,choice,D,,D. 言語検出スキルとテキスト翻訳スキルを含むスキルセットに接続された Azure Cosmos DB のインデクサー,D,4,,,False
q071_a,q071,choice,A,,A. 音声サンプルを .wma 形式の単一のオーディオ ファイルに結合し、ファイルをアップロードします。,A,1,,,False
q071_b,q071,choice,B,,B. .wav 形式のオーディオ ファイルのコレクションと対応するテキスト トランスクリプト ファイルを含む .zip ファイルをアップロードします。,B,2,,,True
q071_c,q071,choice,C,,C. 個々のオーディオ ファイルを FLAC 形式でアップロードし、対応するトランスクリプトを Microsoft Word 形式で手動でアップロードします。,C,3,,,False
q071_d,q071,choice,D,,D. 個々のオーディオ ファイルを .wma 形式でアップロードします。,D,4,,,False
q072_a,q072,choice,A,,A. WebJob からのデータを表す FileDTO オブジェクトのリストを作成します。,A,1,,,False
q072_b,q072,choice,B,,B. client.Knowledgebase.CreateAsync メソッドを呼び出します。,B,2,,,True
q072_c,q072,choice,C,,C. WebJob からのデータを表す QnADTO オブジェクトのリストを作成します。,C,3,,,False
q072_d,q072,choice,D,,D. CreateKbDTO オブジェクトを作成します。,D,4,,,True
q073_a,q073,choice,A,,A. Azure ポータルから並列インデックスを構成します。,A,1,,,True
q073_b,q073,choice,B,,B. REST API を使用してテキストベースのインデクサーを作成します。,B,2,,,False
q073_c,q073,choice,C,,C. Azure ポータルから、スケジュールされたインデックス作成を構成します。,C,3,,,False
q073_d,q073,choice,D,,D. REST API を使用してフィールド マッピングを構成します。,D,4,,,False
q074_a,q074,choice,A,,A. 飛び越える,A,1,,,False
q074_b,q074,choice,B,,B. 素早い茶色のキツネが怠け者の犬を飛び越える,B,2,,,False
q074_c,q074,choice,C,,C. 素早い茶色のキツネの怠け者の犬,C,3,,,True
q074_d,q074,choice,D,,D. クイック,D,4,,,False
q075_a,q075,choice,A,,A. カスタムビジョン,A,1,,,False
q075_b,q075,choice,B,,B. コンピュータービジョン,B,2,,,False
q075_c,q075,choice,C,,C. 没入型リーダー,C,3,,,False
q075_d,q075,choice,D,,D. フォーム認識機能,D,4,,,True
q076_blank_1,q076,dropdown_blank,select01,,<select01>,,1,BingGroundingToolDefinition,,
q076_blank_2,q076,dropdown_blank,select02,,<select02>,,2,tools:,,
q076_opt_1_1,q076,dropdown_option,opt1_1,select01,AzureAISearchResource,AzureAISearchResource,1,,,
q076_opt_1_2,q076,dropdown_option,opt1_2,select01,BingGroundingToolDefinition,BingGroundingToolDefinition,2,,,
q076_opt_1_3,q076,dropdown_option,opt1_3,select01,ToolResources,ToolResources,3,,,
q076_opt_2_1,q076,dropdown_option,opt2_1,select02,metadata:,metadata:,1,,,
q076_opt_2_2,q076,dropdown_option,opt2_2,select02,ToolResources:,ToolResources:,2,,,
q076_opt_2_3,q076,dropdown_option,opt2_3,select02,tools:,tools:,3,,,
q077_1,q077,drag_item,1,,カスタム Dockerfile を作成します。,1,1,,1,
q077_2,q077,drag_item,2,,Anomaly Detector コンテナー イメージをプルします。,2,2,,,
q077_3,q077,drag_item,3,,docker run スクリプトを配布します。,3,3,,4,
q077_4,q077,drag_item,4,,Azure コンテナー レジストリにイメージをプッシュします。,4,4,,3,
q077_5,q077,drag_item,5,,イメージをビルドします。,5,5,,2,
q077_6,q077,drag_item,6,,Docker Hub にイメージをプッシュします。,6,6,,,
q078_a,q078,choice,A,,A. ロケーション インテント,A,1,,,False
q078_b,q078,choice,B,,B. 設定変更エンティティ,B,2,,,False
q078_c,q078,choice,C,,C. デバイス インテント,C,3,,,False
q078_d,q078,choice,D,,D. 変更設定意図,D,4,,,True
q078_e,q078,choice,E,,E. クエリ設定インテント,E,5,,,True
q078_f,q078,choice,F,,F. デバイス エンティティ,F,6,,,True
q079_blank_1,q079,dropdown_blank,select01,,<select01>,,1,categories_analysis,,
q079_blank_2,q079,dropdown_blank,select02,,<select02>,,2,{hate_result.severity},,
q079_opt_1_1,q079,dropdown_option,opt1_1,select01,blocklist_match,blocklist_match,1,,,
q079_opt_1_2,q079,dropdown_option,opt1_2,select01,categories_analysis,categories_analysis,2,,,
q079_opt_1_3,q079,dropdown_option,opt1_3,select01,content,content,3,,,
q079_opt_2_1,q079,dropdown_option,opt2_1,select02,{hate_result.blocklist_item_id},{hate_result.blocklist_item_id},1,,,
q079_opt_2_2,q079,dropdown_option,opt2_2,select02,{hate_result.blocklist_item_text},{hate_result.blocklist_item_text},2,,,
q079_opt_2_3,q079,dropdown_option,opt2_3,select02,{hate_result.category},{hate_result.category},3,,,
q079_opt_2_4,q079,dropdown_option,opt2_4,select02,{hate_result.severity},{hate_result.severity},4,,,
q080_a,q080,choice,A,,A. スキル,A,1,,,False
q080_b,q080,choice,B,,B. Waterfall,B,2,,,True
q080_c,q080,choice,C,,C. 適応型,C,3,,,False
q080_d,q080,choice,D,,D. コンポーネント,D,4,,,False
q081_1,q081,drag_item,1,,翻訳対象ファイルのリストを使用して、非同期翻訳を実行します。,1,1,,,
q081_2,q081,drag_item,2,,ドイツ語ファイル用のコンテナに用語集ファイルをアップロードします。,2,2,,,
q081_3,q081,drag_item,3,,フランス語ファイル用のコンテナに用語集ファイルをアップロードします。,3,3,,1,
q081_4,q081,drag_item,4,,翻訳対象ファイルのリストを生成します。,4,4,,,
q081_5,q081,drag_item,5,,フランス語をターゲットとするドキュメント翻訳仕様を定義します。,5,5,,2,
q081_6,q081,drag_item,6,,ドキュメント翻訳仕様を使用して、非同期翻訳を実行します。,6,6,,3,
q082_blank_1,q082,dropdown_blank,select01,,<select01>,,1,TextTranslationClient,,
q082_opt_1_1,q082,dropdown_option,opt1_1,select01,TextTranslationClient,TextTranslationClient,1,,,
q082_opt_1_2,q082,dropdown_option,opt1_2,select01,TranslateAsync,TranslateAsync,2,,,
q082_opt_1_3,q082,dropdown_option,opt1_3,select01,TranslationRecohnizer,TranslationRecohnizer,3,,,
q082_opt_1_4,q082,dropdown_option,opt1_4,select01,Transliterrate,Transliterrate,4,,,
q082_blank_2,q082,dropdown_blank,select02,,<select02>,,2,client.TranslateAsync(,,
q082_opt_2_1,q082,dropdown_option,opt2_1,select02,client.Translate(,client.Translate(,1,,,
q082_opt_2_2,q082,dropdown_option,opt2_2,select02,client.TranslateAsync(,client.TranslateAsync(,2,,,
q082_opt_2_3,q082,dropdown_option,opt2_3,select02,client.Transliterrate(,client.Transliterrate(,3,,,
q082_opt_2_4,q082,dropdown_option,opt2_4,select02,translator.RecognizeOnceAsync(,translator.RecognizeOnceAsync(,4,,,
q083_a,q083,choice,A,,A. 代替の質問を追加します。,A,1,,,False
q083_b,q083,choice,B,,B. 雑談を有効にします。,B,2,,,False
q083_c,q083,choice,C,,C. フォローアッププロンプトを追加します。,C,3,,,True
q083_d,q083,choice,D,,D. アクティブラーニングを有効にします。,D,4,,,False
q084_a,q084,choice,A,,A. Azure Key Vault に Azure Cognitive Services のキーが生成されました。,A,1,,,False
q084_b,q084,choice,B,,B. 新しいクエリ キーが生成されました。,B,2,,,False
q084_c,q084,choice,C,,C. プライマリ サブスクリプション キーとセカンダリ サブスクリプション キーがローテーションされました。,C,3,,,False
q084_d,q084,choice,D,,D. セカンダリサブスクリプションキーがリセットされました。,D,4,,,True
q085_a,q085,choice,A,,A. QnADialogResponseOptions.CardNoMatchText,A,1,,,False
q085_b,q085,choice,B,,B. Qna MakerOptions-ScoreThreshold,B,2,,,False
q085_c,q085,choice,C,,C. Qna Maker オプション ストリックフィルター,C,3,,,False
q085_d,q085,choice,D,,D. QnaMakerOptions.RankerType,D,4,,,True
q086_a,q086,choice,A,,A. 言語スタジオ,A,1,,,False
q086_b,q086,choice,B,,B. Azure AI Foundry,B,2,,,True
q086_c,q086,choice,C,,C. スピーチスタジオ,C,3,,,False
q086_d,q086,choice,D,,D. Azureポータル,D,4,,,False
q087_blank_1,q087,dropdown_blank,select01,,顧客からの電話をテキストクエリに変換します:<select01>。,,1,SpeechRecognizer,,
q087_opt_1_1,q087,dropdown_option,opt1_1,select01,SpeechRecognizer,SpeechRecognizer,1,,,
q087_opt_1_2,q087,dropdown_option,opt1_2,select01,SpeechSynthesizer,SpeechSynthesizer,2,,,
q087_opt_1_3,q087,dropdown_option,opt1_3,select01,TranslationRecognizer,TranslationRecognizer,3,,,
q087_opt_1_4,q087,dropdown_option,opt1_4,select01,VoiceProfileClient,VoiceProfileClient,4,,,
q087_blank_2,q087,dropdown_blank,select02,,顧客に注文の詳細を提供します:<select02>。,,2,SpeechSynthesizer,,
q087_opt_2_1,q087,dropdown_option,opt2_1,select02,SpeechRecognizer,SpeechRecognizer,1,,,
q087_opt_2_2,q087,dropdown_option,opt2_2,select02,SpeechSynthesizer,SpeechSynthesizer,2,,,
q087_opt_2_3,q087,dropdown_option,opt2_3,select02,TranslationRecognizer,TranslationRecognizer,3,,,
q087_opt_2_4,q087,dropdown_option,opt2_4,select02,VoiceProfileClient,VoiceProfileClient,4,,,
q088_s1,q088,statement,S1,,解決策: Language Studio からコストのエンティティを作成し、モデルを再トレーニングして再公開します。,,1,,,False
q089_blank_1,q089,dropdown_blank,select01,,<select01>,,1,eastus.api.cognitive.microsoft.com,,
q089_opt_1_1,q089,dropdown_option,opt1_1,select01,api.cognitive.microsofttranslator.com,api.cognitive.microsofttranslator.com,1,,,
q089_opt_1_2,q089,dropdown_option,opt1_2,select01,eastus.api.cognitive.microsoft.com,eastus.api.cognitive.microsoft.com,2,,,
q089_opt_1_3,q089,dropdown_option,opt1_3,select01,portal.azure.com,portal.azure.com,3,,,
q089_blank_2,q089,dropdown_blank,select02,,<select02>,,2,/text/analytics/v3.1/languages,,
q089_opt_2_1,q089,dropdown_option,opt2_1,select02,/text/analytics/v3.1/entites/recognition/general,/text/analytics/v3.1/entites/recognition/general,1,,,
q089_opt_2_2,q089,dropdown_option,opt2_2,select02,/text/analytics/v3.1/languages,/text/analytics/v3.1/languages,2,,,
q089_opt_2_3,q089,dropdown_option,opt2_3,select02,/translator/text/v3.0/translate?to=en,/translator/text/v3.0/translate?to=en,3,,,
q089_opt_2_4,q089,dropdown_option,opt2_4,select02,/translator/text/v3.0/translate?to=fr,/translator/text/v3.0/translate?to=fr,4,,,
q090_a,q090,choice,A,,A. Azure AI Foundry コンテンツの安全性,A,1,,,False
q090_b,q090,choice,B,,B. Azure AI 音声,B,2,,,False
q090_c,q090,choice,C,,C. Azure AI言語,C,3,,,True
q090_d,q090,choice,D,,D. Azure AI翻訳,D,4,,,False
q091_blank_1,q091,dropdown_blank,select01,,道路標識を識別し、それぞれの道路標識の簡単な説明を生成します:<select01>。,,1,Azure AI Vision,,
q091_blank_2,q091,dropdown_blank,select02,,説明を分析して、さまざまな種類の道路標識と、それぞれの種類の出現頻度に関するレポートを生成します:<select02>。,,2,Azure AI Phi-3-mini,,
q091_opt_1_1,q091,dropdown_option,opt1_1,select01,Azure AI Document Intelligence,Azure AI Document Intelligence,1,,,
q091_opt_1_2,q091,dropdown_option,opt1_2,select01,Azure AI Phi-3-mini,Azure AI Phi-3-mini,2,,,
q091_opt_1_3,q091,dropdown_option,opt1_3,select01,Azure AI Vision,Azure AI Vision,3,,,
q091_opt_1_4,q091,dropdown_option,opt1_4,select01,Azure OpenAI GPT-4-Turbo,Azure OpenAI GPT-4-Turbo,4,,,
q091_opt_2_1,q091,dropdown_option,opt2_1,select02,Azure AI Document Intelligence,Azure AI Document Intelligence,1,,,
q091_opt_2_2,q091,dropdown_option,opt2_2,select02,Azure AI Phi-3-mini,Azure AI Phi-3-mini,2,,,
q091_opt_2_3,q091,dropdown_option,opt2_3,select02,Azure AI Vision,Azure AI Vision,3,,,
q091_opt_2_4,q091,dropdown_option,opt2_4,select02,Azure OpenAI GPT-4-Turbo,Azure OpenAI GPT-4-Turbo,4,,,
q092_blank_1,q092,dropdown_blank,select01,,<select01>,,1,ChatCompletionsOptions(),,
q092_blank_2,q092,dropdown_blank,select02,,<select02>,,2,AzureCognitiveSearchChatExtensionConfiguration,,
q092_opt_1_1,q092,dropdown_option,opt1_1,select01,ChatCompletionsOptions(),ChatCompletionsOptions(),1,,,
q092_opt_1_2,q092,dropdown_option,opt1_2,select01,CompletionsOptions(),CompletionsOptions(),2,,,
q092_opt_1_3,q092,dropdown_option,opt1_3,select01,StreamingChatCompletions(),StreamingChatCompletions(),3,,,
q092_opt_2_1,q092,dropdown_option,opt2_1,select02,AzureChatExtensionConfiguration,AzureChatExtensionConfiguration,1,,,
q092_opt_2_2,q092,dropdown_option,opt2_2,select02,AzureChatExtensionsOptions,AzureChatExtensionsOptions,2,,,
q092_opt_2_3,q092,dropdown_option,opt2_3,select02,AzureCognitiveSearchChatExtensionConfiguration,AzureCognitiveSearchChatExtensionConfiguration,3,,,
q093_a,q093,choice,A,,A. オンライントランザクション処理（OLTP）,A,1,,,False
q093_b,q093,choice,B,,B. オンライン分析処理（OLAP）,B,2,,,True
q093_c,q093,choice,C,,C. バッチ処理,C,3,,,False
q093_d,q093,choice,D,,D. ストリーム処理,D,4,,,False
q094_s1,q094,statement,S1,,解決策: Language Studio から、chitchat ソースを qna_chitchit_friindly.tsv に変更し、モデルを再トレーニングして再公開します。,,1,,,False
q095_1,q095,drag_item,1,,Custom Vision ポータルからプロジェクトを開きます。,1,1,,1.0,
q095_2,q095,drag_item,2,,Azure Machine Learning Studio からワークスペースを開きます。,2,2,,,
q095_3,q095,drag_item,3,,Vison Studio からプロジェクトを開きます。,3,3,,,
q095_4,q095,drag_item,4,,新製品のサンプル画像をアップロードします。,4,4,,2.0,
q095_5,q095,drag_item,5,,サンプル画像にラベルを付けます。,5,5,,3.0,
q095_6,q095,drag_item,6,,モデルを再トレーニングします。,6,6,,4.0,
q095_7,q095,drag_item,7,,モデルを公開します。,7,7,,5.0,
q096_s1,q096,statement,S1,,このコードは、基盤となるストレージ層に UserProfile オブジェクトを作成し、管理します。,,1,,,True
q096_s2,q096,statement,S2,,このコードは、基盤となるストレージ層に ConversationData オブジェクトを作成し、管理します。,,2,,,True
q096_s3,q096,statement,S3,,UserProfile オブジェクトと ConversationData オブジェクトは、Bot Framework ランタイムが終了しても保持されます。,,3,,,False
q097_blank_1,q097,dropdown_blank,select01,,<select01>,,1,AnalyzeTextOptions(text);,,
q097_blank_2,q097,dropdown_blank,select02,,<select02>,,2,client.AnalyzeText(request),,
q097_opt_1_1,q097,dropdown_option,opt1_1,select01,AnalyzeText(text);,AnalyzeText(text);,1,,,
q097_opt_1_2,q097,dropdown_option,opt1_2,select01,AnalyzeTextOptions(text);,AnalyzeTextOptions(text);,2,,,
q097_opt_1_3,q097,dropdown_option,opt1_3,select01,AnalyzeImanage(text);,AnalyzeImanage(text);,3,,,
q097_opt_1_4,q097,dropdown_option,opt1_4,select01,client.AnalizeText(text);,client.AnalizeText(text);,4,,,
q097_opt_2_1,q097,dropdown_option,opt2_1,select02,AnalyzeImage(request),AnalyzeImage(request),1,,,
q097_opt_2_2,q097,dropdown_option,opt2_2,select02,client.AnalyzeImage(request),client.AnalyzeImage(request),2,,,
q097_opt_2_3,q097,dropdown_option,opt2_3,select02,client.AnalyzeText(request),client.AnalyzeText(request),3,,,
q097_opt_2_4,q097,dropdown_option,opt2_4,select02,request.Analyzeimage(Client),request.Analyzeimage(Client),4,,,
q098_a,q098,choice,A,,A. 顔,A,1,,,False
q098_b,q098,choice,B,,B. コンピュータービジョン,B,2,,,True
q098_c,q098,choice,C,,C. Azure Video Analyzer for Media (旧称 Video indexer),C,3,,,False
q099_a,q099,choice,A,,A. SOL言語のバリアントを使用して、データが照会および操作されます,A,1,,,True
q099_b,q099,choice,B,,B. テーブル間の依存関係の欠如,B,2,,,False
q099_c,q099,choice,C,,C. 柔軟なデータ構造,C,3,,,False
q099_d,q099,choice,D,,D. 大量の重複データ,D,4,,,False
q100_blank_1,q100,dropdown_blank,select01,,<select01> を使用して Al1 へのアクセスを提供します。,,1,A bearer token,,
q100_blank_2,q100,dropdown_blank,select02,,<select02> を使用してデプロイメントに接続します。,,2,A deployment name,,
q100_opt_1_1,q100,dropdown_option,opt1_1,select01,An API Key,An API Key,1,,,
q100_opt_1_2,q100,dropdown_option,opt1_2,select01,A bearer token,A bearer token,2,,,
q100_opt_1_3,q100,dropdown_option,opt1_3,select01,A shared access signature(SAS) token.,A shared access signature(SAS) token.,3,,,
q100_opt_2_1,q100,dropdown_option,opt2_1,select02,An API Key,An API Key,1,,,
q100_opt_2_2,q100,dropdown_option,opt2_2,select02,A depoloyment endpoint,A depoloyment endpoint,2,,,
q100_opt_2_3,q100,dropdown_option,opt2_3,select02,A deployment name,A deployment name,3,,,
q100_opt_2_4,q100,dropdown_option,opt2_4,select02,A deployment type,A deployment type,4,,,
q101_a,q101,choice,A,,A. アイデンティティ,A,1,,,False
q101_b,q101,choice,B,,B. キーとエンドポイント,B,2,,,True
q101_c,q101,choice,C,,C. プロパティ,C,3,,,False
q101_d,q101,choice,D,,D. ネットワーキング,D,4,,,False
q102_s1,q102,statement,S1,,解決策: Content Safety Studio から、テキスト コンテンツのモデレート機能を使用してテストを実行します。,,1,,,True
q103_a,q103,choice,A,,A. 言語,A,1,,,False
q103_b,q103,choice,B,,B. スピーチ,B,2,,,False
q103_c,q103,choice,C,,C. Azure コグニティブ サービス,C,3,,,True
q103_d,q103,choice,D,,D. コンテンツモデレーター,D,4,,,False
q104_drag_1,q104,drag_item,1,,カテゴリー別に画像をアップロードします。,1,1,,,
q104_drag_2,q104,drag_item,2,,タグの提案を取得します。,2,2,,2,
q104_drag_3,q104,drag_item,3,,すべての画像をアップロードします。,3,3,,1,
q104_drag_4,q104,drag_item,4,,画像をローカルのカテゴリーフォルダにグループ化します。,4,4,,,
q104_drag_5,q104,drag_item,5,,提案を確認し、タグを確定します。,5,5,,3,
q104_drag_6,q104,drag_item,6,,画像に手動でタグを付けます。,6,6,,,
q105_s1,q105,statement,S1,,このコードは、検出された各ブランドの名前を75%以上の信頼度で返します。,,1,,,True
q105_s2,q105,statement,S2,,このコードは、表示されているブランドのブランドロゴを含む四角形の左下隅の座標を返します。,,2,,,False
q105_s3,q105,statement,S3,,このコードは、表示されているブランドのブランドロゴを含む四角形の右下隅の座標を返します。,,3,,,False
q106_a,q106,choice,A,,A. サブスクリプションキーとクライアントトレースID,A,1,,,False
q106_b,q106,choice,B,,B. サブスクリプションキー、サブスクリプションリージョン、コンテンツタイプ,B,2,,,True
q106_c,q106,choice,C,,C. リソースIDとコンテンツ言語,C,3,,,False
q106_d,q106,choice,D,,D. アクセス制御要求、コンテンツタイプ、コンテンツの長さ,D,4,,,False
q107_s1,q107,statement,S1,,解決策: Content Safety Studio から、オンライン アクティビティの監視機能を使用してテストを実行します。,,1,,,False
q108_blank_1,q108,dropdown_blank,select01,,<select01>,,1,CreateFunctionFromPrompt,,
q108_blank_2,q108,dropdown_blank,select02,,<select02>,,2,FunctionChoiceBehaviour.Required,,
q108_opt_1_1,q108,dropdown_option,opt1_1,select01,CreateFunctionFromMethod,CreateFunctionFromMethod,1,,,
q108_opt_1_2,q108,dropdown_option,opt1_2,select01,CreateFunctionFromPrompt,CreateFunctionFromPrompt,2,,,
q108_opt_1_3,q108,dropdown_option,opt1_3,select01,CreatePluginFromFunctions,CreatePluginFromFunctions,3,,,
q108_opt_2_1,q108,dropdown_option,opt2_1,select02,FunctionChoiceBehaviour.Auto,FunctionChoiceBehaviour.Auto,1,,,
q108_opt_2_2,q108,dropdown_option,opt2_2,select02,FunctionChoiceBehaviour.None,FunctionChoiceBehaviour.None,2,,,
q108_opt_2_3,q108,dropdown_option,opt2_3,select02,FunctionChoiceBehaviour.Required,FunctionChoiceBehaviour.Required,3,,,
q109_blank_1,q109,dropdown_blank,select01,,<select01>,,1,ContentSafetyClient,,
q109_blank_2,q109,dropdown_blank,select02,,<select02>,,2,AnalyzeTextOptions,,
q109_opt_1_1,q109,dropdown_option,opt1_1,select01,AnalyzeTextOptions,AnalyzeTextOptions,1,,,
q109_opt_1_2,q109,dropdown_option,opt1_2,select01,BlocklistClient,BlocklistClient,2,,,
q109_opt_1_3,q109,dropdown_option,opt1_3,select01,ContentSafetyClient,ContentSafetyClient,3,,,
q109_opt_1_4,q109,dropdown_option,opt1_4,select01,TextCategoriesAnalysis,TextCategoriesAnalysis,4,,,
q109_opt_2_1,q109,dropdown_option,opt2_1,select02,AddorUpdateTextBlocklistItemsOptions,AddorUpdateTextBlocklistItemsOptions,1,,,
q109_opt_2_2,q109,dropdown_option,opt2_2,select02,AnalyzeTextOptions,AnalyzeTextOptions,2,,,
q109_opt_2_3,q109,dropdown_option,opt2_3,select02,TextBlockListMatch,TextBlockListMatch,3,,,
q109_opt_2_4,q109,dropdown_option,opt2_4,select02,TextCategoriesAnalysis,TextCategoriesAnalysis,4,,,
q110_blank_1,q110,dropdown_blank,select01,,<select01>,,1,"TranslateAsync(targetLanguage, input)",,
q110_blank_2,q110,dropdown_blank,select02,,<select02>,,2,"{translation?.Translations?[0]?.Text}.""",,
q110_opt_1_1,q110,dropdown_option,opt1_1,select01,"Translate(targetLanguage, input)","Translate(targetLanguage, input)",1,,,
q110_opt_1_2,q110,dropdown_option,opt1_2,select01,"TranslateAsync(targetLanguage, input)","TranslateAsync(targetLanguage, input)",2,,,
q110_opt_1_3,q110,dropdown_option,opt1_3,select01,TranslationRecognizer,TranslationRecognizer,3,,,
q110_opt_2_1,q110,dropdown_option,opt2_1,select02,translations.Value'.,translations.Value'.,1,,,
q110_opt_2_2,q110,dropdown_option,opt2_2,select02,translations[0].text.,translations[0].text.,2,,,
q110_opt_2_3,q110,dropdown_option,opt2_3,select02,{Translations.Text}.,{Translations.Text}.,3,,,
q110_opt_2_4,q110,dropdown_option,opt2_4,select02,"{translation?.Translations?[0]?.Text}.""","{translation?.Translations?[0]?.Text}.""",4,,,
q111_s1,q111,statement,S1,,選択されたモデルは、意図したユースケースに適しています。,,1,,,False
q111_s2,q111,statement,S2,,テキストコンテンツは70%以上の信頼度で認識されました。,,2,,,True
q111_s3,q111,statement,S3,,フォーム要素は70%以上の信頼度で認識されました。,,3,,,False
q112_b1,q112,dropdown_blank,select01,,<select01>,,1,Batch,,
q112_b2,q112,dropdown_blank,select02,,<select02>,,2,Streaming,,
q112_b3,q112,dropdown_blank,select03,,<select03>,,3,Batch,,
q112_o1,q112,dropdown_option,opt1,select01,Batch,Batch,1,,,
q112_o2,q112,dropdown_option,opt2,select01,Streaming,Streaming,2,,,
q112_o3,q112,dropdown_option,opt3,select02,Batch,Batch,1,,,
q112_o4,q112,dropdown_option,opt4,select02,Streaming,Streaming,2,,,
q112_o5,q112,dropdown_option,opt5,select03,Batch,Batch,1,,,
q112_o6,q112,dropdown_option,opt6,select03,Streaming,Streaming,2,,,
q113_s1,q113,statement,S1,,このコードは顔認識を実行します。,,1,,,False
q113_s2,q113,statement,S2,,このコードはタグとそれに関連付けられた信頼度をリストします。,,2,,,True
q113_s3,q113,statement,S3,,このコードはローカルファイルシステムから画像ファイルを読み取ります。,,3,,,True
q114_a,q114,choice,A,,A. 1 GB,A,1,,,False
q114_b,q114,choice,B,,B. 10GB,B,2,,,False
q114_c,q114,choice,C,,C. 100GB,C,3,,,True
q114_d,q114,choice,D,,D. 1TB,D,4,,,False
q115_a,q115,choice,A,,A.耐久性,A,1,,,False
q115_b,q115,choice,B,,B.原子論,B,2,,,False
q115_c,q115,choice,C,,C.一貫性,C,3,,,False
q115_d,q115,choice,D,,D.分離,D,4,,,True
q116_a,q116,choice,A,,A.円柱状,A,1,,,False
q116_b,q116,choice,B,,B. キー/値,B,2,,,False
q116_c,q116,choice,C,,C. ドキュメント,C,3,,,False
q116_d,q116,choice,D,,D. オブジェクト,D,4,,,True
q117_drag_1,q117,drag_item,1,,新しい言語サービスインスタンスから、プロジェクトファイルをインポートします。,1,1,,2,
q117_drag_2,q117,drag_item,2,,新しい言語サービスインスタンスから、カスタムテキスト分類を有効にします。,2,2,,,
q117_drag_3,q117,drag_item,3,,新しい言語サービスインスタンスから、プロジェクトをトレーニングして公開します。,3,3,,3,
q117_drag_4,q117,drag_item,4,,元の言語サービスインスタンスから、既存のプロジェクトをエクスポートします。,4,4,,1,
q117_drag_5,q117,drag_item,5,,新しい言語サービスインスタンスから、キーを再生成します。,5,5,,,
q117_drag_6,q117,drag_item,6,,元の言語サービスインスタンスから、モデルをトレーニングして公開します。,6,6,,,
q118_a,q118,choice,A,,A. 検索サービス貢献者,A,1,,,False
q118_b,q118,choice,B,,B. Cognitive Services OpenAI 貢献者,B,2,,,True
q118_c,q118,choice,C,,C. Cognitive Services コントリビューター,C,3,,,False
q118_d,q118,choice,D,,D. 検索インデックス データ コントリビューター,D,4,,,False
q119_a,q119,choice,A,,A. 取り消す,A,1,,,False
q119_b,q119,choice,B,,B.更新,B,2,,,True
q119_c,q119,choice,C,,C. ドロップ,C,3,,,False
q119_d,q119,choice,D,,D. 作成,D,4,,,False
q120_a,q120,choice,A,,A. エクセル,A,1,,,True
q120_b,q120,choice,B,,B. TSV,B,2,,,True
q120_c,q120,choice,C,,C. JSON,C,3,,,False
q120_d,q120,choice,D,,D. 読み取り,D,4,,,False
q120_e,q120,choice,E,,E. CSV,E,5,,,False
q121_drag_1,q121,drag_item,1,,ドキュメントクラッキング,1,1,,1,
q121_drag_2,q121,drag_item,2,,スキルセット実行,2,2,,3,
q121_drag_3,q121,drag_item,3,,インデックスへのプッシュ,3,3,,5,
q121_drag_4,q121,drag_item,4,,出力フィールドマッピング,4,4,,4,
q121_drag_5,q121,drag_item,5,,フィールドマッピング,5,5,,2,
q122_a,q122,choice,A,,A. ファイル1とファイル2のみ,A,1,,,True
q122_b,q122,choice,B,,B. ファイル2、ファイル4、ファイル5のみ,B,2,,,False
q122_c,q122,choice,C,,C. ファイル1、ファイル2、ファイル4のみ,C,3,,,False
q122_d,q122,choice,D,,D. ファイル1とファイル5のみ,D,4,,,False
q122_e,q122,choice,E,,E. ファイル1、ファイル2、ファイル3、ファイル4、ファイル5,E,5,,,False
q123_a,q123,choice,A,,A. ファイル1.pdf とファイル3.docx のみ,A,1,,,False
q123_b,q123,choice,B,,B. File1.pdf、File2jpg、File5.png のみ,B,2,,,False
q123_c,q123,choice,C,,C. File1.pdf、File2.jpg、File3.docxのみ,C,3,,,False
q123_d,q123,choice,D,,D. File1.pdf、File2.jpg、File3.docx、File5.pngのみ,D,4,,,True
q123_e,q123,choice,E,,E. ファイル1.pdf、ファイル2.jpg、ファイル3.docx、ファイル4.webp、ファイル5.png,E,5,,,False
q124_a,q124,choice,A,,A. キーフレーズ抽出,A,1,,,False
q124_b,q124,choice,B,,B. 光学文字認識（OCR）,B,2,,,True
q124_c,q124,choice,C,,C. ドキュメント抽出,C,3,,,False
q124_d,q124,choice,D,,D. 画像解析,D,4,,,False
q125_a,q125,choice,A,,A. コンポーネント,A,1,,,False
q125_b,q125,choice,B,,B. ウォーターフォール,B,2,,,True
q125_c,q125,choice,C,,C. 適応型,C,3,,,False
q125_d,q125,choice,D,,D. アクション,D,4,,,False
q126_a,q126,choice,A,,A. 単変量異常検出,A,1,,,False
q126_b,q126,choice,B,,B. Azure ストリーム分析,B,2,,,False
q126_c,q126,choice,C,,C. Azure Monitor のメトリック アラート,C,3,,,True
q126_d,q126,choice,D,,D. 多変量異常検出,D,4,,,False
q127_blank_1,q127,dropdown_blank,select01,,メッセージをキャプチャするには:<select01>,,1,Speech-to-text,,
q127_blank_2,q127,dropdown_blank,select02,,メッセージを再生するには:<select02>,,2,Text-to-speech and Translator,,
q127_opt_1_1,q127,dropdown_option,opt1_1,select01,Speaker Recognition,Speaker Recognition,1,,,
q127_opt_1_2,q127,dropdown_option,opt1_2,select01,Speech-to-text,Speech-to-text,2,,,
q127_opt_1_3,q127,dropdown_option,opt1_3,select01,Text-to-speech,Text-to-speech,3,,,
q127_opt_1_4,q127,dropdown_option,opt1_4,select01,Translator,Translator,4,,,
q127_opt_2_1,q127,dropdown_option,opt2_1,select02,Speech-to-text only,Speech-to-text only,1,,,
q127_opt_2_2,q127,dropdown_option,opt2_2,select02,Speech-to-text and Language,Speech-to-text and Language,2,,,
q127_opt_2_3,q127,dropdown_option,opt2_3,select02,Speaker Recognition and Language,Speaker Recognition and Language,3,,,
q127_opt_2_4,q127,dropdown_option,opt2_4,select02,Text-to-speech and Language,Text-to-speech and Language,4,,,
q127_opt_2_5,q127,dropdown_option,opt2_5,select02,Text-to-speech and Translator,Text-to-speech and Translator,5,,,
q128_blank_1,q128,dropdown_blank,select01,,Project type:<select01>,,1,Object detection,,
q128_blank_2,q128,dropdown_blank,select02,,Domain:<select02>,,2,General(compact),,
q128_opt_1_1,q128,dropdown_option,opt1_1,select01,Food,Food,1,,,
q128_opt_1_2,q128,dropdown_option,opt1_2,select01,General,General,2,,,
q128_opt_1_3,q128,dropdown_option,opt1_3,select01,General(compact),General(compact),3,,,
q128_opt_1_4,q128,dropdown_option,opt1_4,select01,Image classification,Image classification,4,,,
q128_opt_1_5,q128,dropdown_option,opt1_5,select01,Logo,Logo,5,,,
q128_opt_1_6,q128,dropdown_option,opt1_6,select01,Object detection,Object detection,6,,,
q128_opt_2_1,q128,dropdown_option,opt2_1,select02,Food,Food,1,,,
q128_opt_2_2,q128,dropdown_option,opt2_2,select02,General,General,2,,,
q128_opt_2_3,q128,dropdown_option,opt2_3,select02,General(compact),General(compact),3,,,
q128_opt_2_4,q128,dropdown_option,opt2_4,select02,Image classification,Image classification,4,,,
q128_opt_2_5,q128,dropdown_option,opt2_5,select02,Logo,Logo,5,,,
q128_opt_2_6,q128,dropdown_option,opt2_6,select02,Object detection,Object detection,6,,,
q129_s1,q129,statement,S1,,解決策: service1 とパブリック エンドポイントを新しい仮想ネットワークにデプロイし、Azure Private Link を構成します。,,1,,,True
q130_a,q130,choice,A,,A. テキスト分析,A,1,,,True
q130_b,q130,choice,B,,B. コンテンツモデレーター,B,2,,,False
q130_c,q130,choice,C,,C. コンピュータービジョン,C,3,,,False
q130_d,q130,choice,D,,D. フォーム認識機能,D,4,,,False
q131_select01,q131,dropdown_blank,select01,,<select01>,,1,prebuilt-layout,,
q131_select01_opt1,q131,dropdown_option,opt1,select01,prebuilt-contract,prebuilt-contract,1,,,
q131_select01_opt2,q131,dropdown_option,opt2,select01,prebuilt-document,prebuilt-document,2,,,
q131_select01_opt3,q131,dropdown_option,opt3,select01,prebuilt-layout,prebuilt-layout,3,,,
q131_select01_opt4,q131,dropdown_option,opt4,select01,prebuilt-read,prebuilt-read,4,,,
q131_select02,q131,dropdown_blank,select02,,<select02>,,2,Ocp-Apim-Subscription-Key,,
q131_select02_opt1,q131,dropdown_option,opt1,select02,Key1,Key1,1,,,
q131_select02_opt2,q131,dropdown_option,opt2,select02,Ocp-Apim-Subscription-Key,Ocp-Apim-Subscription-Key,2,,,
q131_select02_opt3,q131,dropdown_option,opt3,select02,Secret,Secret,3,,,
q131_select02_opt4,q131,dropdown_option,opt4,select02,Subscription-Key,Subscription-Key,4,,,
q132_a,q132,choice,A,,A. テキスト埋め込み-ada-002,A,1,,,true
q132_b,q132,choice,B,,B. GPT-4,B,2,,,false
q132_c,q132,choice,C,,C. GPT-35ターボ,C,3,,,false
q132_d,q132,choice,D,,D. GPT-4-32k,D,4,,,false
q133_a,q133,choice,A,,A. az resource link,A,1,,,false
q133_b,q133,choice,B,,B. az account list,B,2,,,false
q133_c,q133,choice,C,,C. az cognitivesservices account network-rule,C,3,,,false
q133_d,q133,choice,D,,D. az congnitiveservices account show,D,4,,,true
q134_a,q134,choice,A,,A. コンテンツモデレーター,A,1,,,false
q134_b,q134,choice,B,,B. フォーム認識機能,B,2,,,false
q134_c,q134,choice,C,,C. コンピュータービジョン,C,3,,,false
q134_d,q134,choice,D,,D. 言語サービス,D,4,,,true
q135_a,q135,choice,A,,A. 機械学習,A,1,,,true
q135_b,q135,choice,B,,B. 正式なパフォーマンス,B,2,,,false
q135_c,q135,choice,C,,C. リスト,C,3,,,false
q135_d,q135,choice,D,,D. パターン.任意,D,4,,,false
q136_select01,q136,dropdown_blank,select01,,<select01>,,1,/contentsafety,,
q136_select01_opt1,q136,dropdown_option,opt1,select01,/contentmoderator,/contentmoderator,1,,,
q136_select01_opt2,q136,dropdown_option,opt2,select01,/contentsafety,/contentsafety,2,,,
q136_select01_opt3,q136,dropdown_option,opt3,select01,/vision,/vision,3,,,
q136_select02,q136,dropdown_blank,select02,,<select02>,,2,/image:analyze,,
q136_select02_opt1,q136,dropdown_option,opt1,select02,/detect,/detect,1,,,
q136_select02_opt2,q136,dropdown_option,opt2,select02,/image:analyze,/image:analyze,2,,,
q136_select02_opt3,q136,dropdown_option,opt3,select02,/ProcessImage,/ProcessImage,3,,,
q137_a,q137,choice,A,,A. 新しいコンピュータビジョンリソース,A,1,,,false
q137_b,q137,choice,B,,B. 無料の（限定的なエンリッチメント）Cognitive Services リソース,B,2,,,true
q137_c,q137,choice,C,,C. Azure Machine Learning パイプライン,C,3,,,false
q137_d,q137,choice,D,,D. S0価格帯を使用する新しいCognitive Servicesリソース,D,4,,,false
q138_a,q138,choice,A,,A. Orchestrator モデルを作成します。,A,1,,,true
q138_b,q138,choice,B,,B. 認識装置/ディスパッチの種類を変更します。,B,2,,,true
q138_c,q138,choice,C,,C. コンポーザー拡張機能を作成します。,C,3,,,false
q138_d,q138,choice,D,,D. WebSocket を有効にします。,D,4,,,false
q138_e,q138,choice,E,,E. カスタム認識機能の JSON ファイルを作成します。,E,5,,,false
q138_f,q138,choice,F,,F. Orchestrator パッケージをインストールします。,F,6,,,true
q139_s1,q139,statement,S1,,このコードは顔認識を実行します。,,1,,,false
q139_s2,q139,statement,S2,,このコードはタグとそれに関連付けられた信頼度を一覧表示します。,,2,,,true
q139_s3,q139,statement,S3,,このコードはローカルファイルシステムからファイルを読み取ります。,,3,,,true
q140_a,q140,choice,A,,A. 予測エンドポイント クエリに show-all-intents=true を追加します。,A,1,,,false
q140_b,q140,choice,B,,B. 音声プライミングを有効にします。,B,2,,,false
q140_c,q140,choice,C,,C. 予測エンドポイント クエリに log=true を追加します。,C,3,,,true
q140_d,q140,choice,D,,D. 感情分析を有効にします。,D,4,,,false
q141_s1,q141,statement,S1,,ストリーム処理は、受信した最新のデータ、または一定期間内のデータにアクセスします。,,1,,,true
q141_s2,q141,statement,S2,,バッチ処理は即時に実行する必要があり、レイテンシは数秒または数ミリ秒単位です。,,2,,,false
q141_s3,q141,statement,S3,,ストリーム処理は、単純な応答関数、集計、またはローリング平均などの計算に使用されます。,,3,,,true
q142_select01,q142,dropdown_blank,select01,,<select01>,,1,Gremlin API,,
q142_select02,q142,dropdown_blank,select02,,<select02>,,2,MongoDB API,,
q142_select03,q142,dropdown_blank,select03,,<select03>,,3,Table API,,
q142_opt1_1,q142,dropdown_option,opt1_1,select01,Cassandra API,Cassandra API,1,,,
q142_opt1_2,q142,dropdown_option,opt1_2,select01,Gremlin API,Gremlin API,2,,,
q142_opt1_3,q142,dropdown_option,opt1_3,select01,MongoDB API,MongoDB API,3,,,
q142_opt1_4,q142,dropdown_option,opt1_4,select01,Table API,Table API,4,,,
q142_opt2_1,q142,dropdown_option,opt2_1,select02,Cassandra API,Cassandra API,1,,,
q142_opt2_2,q142,dropdown_option,opt2_2,select02,Gremlin API,Gremlin API,2,,,
q142_opt2_3,q142,dropdown_option,opt2_3,select02,MongoDB API,MongoDB API,3,,,
q142_opt2_4,q142,dropdown_option,opt2_4,select02,Table API,Table API,4,,,
q142_opt3_1,q142,dropdown_option,opt3_1,select03,Cassandra API,Cassandra API,1,,,
q142_opt3_2,q142,dropdown_option,opt3_2,select03,Gremlin API,Gremlin API,2,,,
q142_opt3_3,q142,dropdown_option,opt3_3,select03,MongoDB API,MongoDB API,3,,,
q142_opt3_4,q142,dropdown_option,opt3_4,select03,Table API,Table API,4,,,
q143_1,q143,drag_item,1,,声優の同意書をWAVファイルでアップロードします。,1,1,,2,
q143_2,q143,drag_item,2,,音声サンプルをWMAファイルでアップロードします。,2,2,,,
q143_3,q143,drag_item,3,,カスタム音声プロジェクトを作成します。,3,3,,1,
q143_4,q143,drag_item,4,,声優の同意書を署名付きPDFファイルでアップロードします。,4,4,,,
q143_5,q143,drag_item,5,,音声データの品質を分析し、特定された問題を解決します。,5,5,,4,
q143_6,q143,drag_item,6,,音声サンプルをMP3ファイルでアップロードします。,6,6,,3,
q143_7,q143,drag_item,7,,ニューラルトレーニング手法を使用してモデルをトレーニングします。,7,7,,5,
q144_a,q144,choice,A,,A. 月別,A,1,,,true
q144_b,q144,choice,B,,B. シカゴ,B,2,,,false
q144_c,q144,choice,C,,C. 雨,C,3,,,false
q144_d,q144,choice,D,,D. 場所,D,4,,,false
q145_select01,q145,dropdown_blank,select01,,<select01>,,1,speechRecognitionLanguage,,
q145_select02,q145,dropdown_blank,select02,,<select02>,,2,addTargetLanguage,,
q145_opt1_1,q145,dropdown_option,opt1_1,select01,addTargetLanguage,addTargetLanguage,1,,,
q145_opt1_2,q145,dropdown_option,opt1_2,select01,speechSynthesisLanguage,speechSynthesisLanguage,2,,,
q145_opt1_3,q145,dropdown_option,opt1_3,select01,speechRecognitionLanguage,speechRecognitionLanguage,3,,,
q145_opt1_4,q145,dropdown_option,opt1_4,select01,voiceName,voiceName,4,,,
q145_opt2_1,q145,dropdown_option,opt2_1,select02,addTargetLanguage,addTargetLanguage,1,,,
q145_opt2_2,q145,dropdown_option,opt2_2,select02,speechSynthesisLanguage,speechSynthesisLanguage,2,,,
q145_opt2_3,q145,dropdown_option,opt2_3,select02,speechRecognitionLanguage,speechRecognitionLanguage,3,,,
q145_opt2_4,q145,dropdown_option,opt2_4,select02,voiceName,voiceName,4,,,
q146_a,q146,choice,A,,A. カスタム モデルをデプロイします。,A,1,,,false
q146_b,q146,choice,B,,B. 読み取りモデルを実装します。,B,2,,,true
q146_c,q146,choice,C,,C. 名刺モデルをv3.0にアップグレードします,C,3,,,false
q146_d,q146,choice,D,,D. 契約モデルを実装する,D,4,,,false
q147_s1,q147,statement,S1,,解決策：既存のモデルに新しい画像とラベルを追加します。モデルを再トレーニングしてから、モデルを公開します。,,1,,,true
q148_a,q148,choice,A,,A. モデルをGPT-4-32lcに変更します,A,1,,,false
q148_b,q148,choice,B,,B. プロンプトに「// 関数 F は何をしますか?」を追加します。,B,2,,,true
q148_c,q148,choice,C,,C. プロンプトに関数 F(説明) を追加します。,C,3,,,false
q148_d,q148,choice,D,,D. 温度パラメータを 1 に設定します。,D,4,,,false
q149_a,q149,choice,A,,A. Face API の別のバージョンを使用します。,A,1,,,false
q149_b,q149,choice,B,,B. Face サービスの代わりに Computer Vision サービスを使用します。,B,2,,,false
q149_c,q149,choice,C,,C. Detect メソッドの代わりに Identify メソッドを使用します。,C,3,,,false
q149_d,q149,choice,D,,D. 検出モデルを変更します。,D,4,,,true
q150_a,q150,choice,A,,A. カスタム抽出モデル,A,1,,,false
q150_b,q150,choice,B,,B. マルチラベル分類プロジェクト,B,2,,,true
q150_c,q150,choice,C,,C. カスタム固有表現抽出（NER）プロジェクト,C,3,,,false
q150_d,q150,choice,D,,D. マルチラベル画像分類モデル,D,4,,,false
q151_a,q151,choice,A,,A. File1.tsvのみ,A,1,,,False
q151_b,q151,choice,B,,B. File2.xmlのみ,B,2,,,False
q151_c,q151,choice,C,,C. File3.pdf のみ,C,3,,,False
q151_d,q151,choice,D,,D. File4.xlsxのみ,D,4,,,False
q151_e,q151,choice,E,,E. File1.tsv と File4.xlsx のみ,E,5,,,True
q151_f,q151,choice,F,,F. File1.tsv、File2.xml と File4.xlsx のみ,F,6,,,False
q151_g,q151,choice,G,,G. ファイル1.tsv、ファイル2.xml、ファイル3.pdf、ファイル4.xlsx,G,7,,,False
q152_a,q152,choice,A,,A. App1 の信頼スコアのしきい値を下げます。,A,1,,,False
q152_b,q152,choice,B,,B. App1 の精度しきい値を下げます。,B,2,,,False
q152_c,q152,choice,C,,C. 既存のトレーニングセットに追加の契約形式を追加します。モデルを再トレーニングします。,C,3,,,True
q152_d,q152,choice,D,,D. 新しいトレーニング セットを作成し、追加のコントラクト形式を新しいトレーニング セットに追加します。,D,4,,,False
q152_e,q152,choice,E,,E. 新しいカスタム モデルを作成してトレーニングします。,E,5,,,False
q153_a,q153,choice,A,,A. 言語理解,A,1,,,False
q153_b,q153,choice,B,,B. Azure SQL データベース,B,2,,,False
q153_c,q153,choice,C,,C. Azure ストレージ,C,3,,,False
q153_d,q153,choice,D,,D. Azure コグニティブ検索,D,4,,,True
q153_e,q153,choice,E,,E. Azure アプリ サービス,E,5,,,True
q154_drag_1,q154,drag_item,1,,Docker Hub からイメージをプルします。,1,1,,,
q154_drag_2,q154,drag_item,2,,インターネットに接続されたオンプレミスの Kubernetes クラスターをプロビジョニングします。,2,2,,1,
q154_drag_3,q154,drag_item,3,,Azure Kubernetes Service (AKS) リソースをプロビジョニングします。,3,3,,,
q154_drag_4,q154,drag_item,4,,コンテナーを実行し、アプリ ID とクライアント シークレットを指定します。,4,4,,,
q154_drag_5,q154,drag_item,5,,インターネットから分離されたオンプレミスの Kubernetes クラスターをプロビジョニングします。,5,5,,,
q154_drag_6,q154,drag_item,6,,Microsoft Container Registry (MCR) からイメージをプルします。,6,6,,2,
q154_drag_7,q154,drag_item,7,,コンテナーを実行し、Cognitive Services リソースの API キーとエンドポイント URL を指定します。,7,7,,3,
q155_a,q155,choice,A,,A. Guid.Parse(operationId) パラメータを削除します。,A,1,,,False
q155_b,q155,choice,B,,B. results.Status 値を検証するコードを追加します。,B,2,,,True
q155_c,q155,choice,C,,C. txtHeaders.Status 値の状態を確認するコードを追加します。,C,3,,,False
q155_d,q155,choice,D,,D. GetReadResultAsync への呼び出しを、遅延を含むループ内にラップします。,D,4,,,True
q156_a,q156,choice,A,,A. Azure 機械学習,A,1,,,False
q156_b,q156,choice,B,,B. ログ分析,B,2,,,False
q156_c,q156,choice,C,,C. Azure AI コンテンツ セーフティ,C,3,,,True
q156_d,q156,choice,D,,D. Microsoft Defender 脅威インテリジェンス (Defender TI),D,4,,,False
q157_a,q157,choice,A,,A. テーブル名,A,1,,,True
q157_b,q157,choice,B,,B. 生成されたキー名,B,2,,,True
q157_c,q157,choice,C,,C. データソース,C,3,,,False
q157_d,q157,choice,D,,D. データソース接続,D,4,,,False
q157_e,q157,choice,E,,E. ソース,E,5,,,True
q158_a,q158,choice,A,,A. embeddings,A,1,,,False
q158_b,q158,choice,B,,B. DALL-E,B,2,,,False
q158_c,q158,choice,C,,C. GPT-4,C,3,,,True
q158_d,q158,choice,D,,D. Whisper,D,4,,,False
q159_a,q159,choice,A,,A. ウォーターフォールチャート,A,1,,,True
q159_b,q159,choice,B,,B. リボンチャート,B,2,,,False
q159_c,q159,choice,C,,C. 棒グラフ,C,3,,,False
q159_d,q159,choice,D,,D. 分解ツリー,D,4,,,False
q160_a,q160,choice,A,,A. 成人分類スコア,A,1,,,True
q160_b,q160,choice,B,,B. 光学文字認識（OCR）,B,2,,,False
q160_c,q160,choice,C,,C. 個人データ,C,3,,,False
q160_d,q160,choice,D,,D. テキスト分類,D,4,,,False
q160_e,q160,choice,E,,E. 際どい分類スコア,E,5,,,True
q161_a,q161,choice,A,,A. トランザクション基幹業務（LOB）アプリケーションにストレージを提供する,A,1,,,False
q161_b,q161,choice,B,,B. ソースデータストアとターゲットデータストア間の変換サービスを提供する,B,2,,,False
q161_c,q161,choice,C,,C. リレーショナルおよび非リレーショナルの履歴データの読み取り専用ストレージを提供する,C,3,,,False
q161_d,q161,choice,D,,D. 複数のソースからのデータに依存する複雑なクエリへの回答を提供する,D,4,,,True
q162_select01,q162,dropdown_blank,select01,,<select01>,,1,半構造化データ。,,
q162_opt01_1,q162,dropdown_option,opt01_1,select01,グラフデータ。,グラフデータ。,1,,,
q162_opt01_2,q162,dropdown_option,opt01_2,select01,リレーショナルデータ。,リレーショナルデータ。,2,,,
q162_opt01_3,q162,dropdown_option,opt01_3,select01,半構造化データ。,半構造化データ。,3,,,
q162_opt01_4,q162,dropdown_option,opt01_4,select01,非構造化データ,非構造化データ,4,,,
q163_select01,q163,dropdown_blank,select01,,<select01>,,1,value,,
q163_select02,q163,dropdown_blank,select02,,<select02>,,2,alterations,,
q163_opt01_1,q163,dropdown_option,opt01_1,select01,alterations,alterations,1,,,
q163_opt01_2,q163,dropdown_option,opt01_2,select01,phrases,phrases,2,,,
q163_opt01_3,q163,dropdown_option,opt01_3,select01,synonyms,synonyms,3,,,
q163_opt01_4,q163,dropdown_option,opt01_4,select01,value,value,4,,,
q163_opt02_1,q163,dropdown_option,opt02_1,select02,alterations,alterations,1,,,
q163_opt02_2,q163,dropdown_option,opt02_2,select02,phrases,phrases,2,,,
q163_opt02_3,q163,dropdown_option,opt02_3,select02,synonyms,synonyms,3,,,
q163_opt02_4,q163,dropdown_option,opt02_4,select02,value,value,4,,,
q164_select01,q164,dropdown_blank,select01,,<select01>,,1,BingGroundingTool,,
q164_select02,q164,dropdown_blank,select02,,<select02>,,2,tools=,,
q164_opt01_1,q164,dropdown_option,opt01_1,select01,AzureAISearchTool,AzureAISearchTool,1,,,
q164_opt01_2,q164,dropdown_option,opt01_2,select01,BingGroundingTool,BingGroundingTool,2,,,
q164_opt01_3,q164,dropdown_option,opt01_3,select01,FunctionTool,FunctionTool,3,,,
q164_opt02_1,q164,dropdown_option,opt02_1,select02,metadata=,metadata=,1,,,
q164_opt02_2,q164,dropdown_option,opt02_2,select02,tool_resource=,tool_resource=,2,,,
q164_opt02_3,q164,dropdown_option,opt02_3,select02,tools=,tools=,3,,,
q165_a,q165,choice,A,,A. ボットを Azure にデプロイし、ボットを Direct Une Speech チャネルに登録します。,A,1,,,True
q165_b,q165,choice,B,,B. Bot Framework SDK を使用してボットを Cortana と統合します。,B,2,,,False
q165_c,q165,choice,C,,C. Speech サービスを呼び出してボットを関数に接続する Azure 関数を作成します。,C,3,,,False
q165_d,q165,choice,D,,D. ボットを Azure にデプロイし、ボットを Microsoft Teams チャネルに登録します。,D,4,,,False
q166_a,q166,choice,A,,A. Content Safety Studio にサインインし、「テキスト コンテンツの管理」を選択します。,A,1,,,True
q166_b,q166,choice,B,,B. Azure ポータルから、Azure Al コンテンツ セーフティ リソースを作成します。,B,2,,,True
q166_c,q166,choice,C,,C. Azure ポータルから、Azure OpenAI リソースを作成します。,C,3,,,False
q166_d,q166,choice,D,,D. Azure Al Foundry にサインインし、[安全性とセキュリティ] を選択します。,D,4,,,False
q166_e,q166,choice,E,,E. Content Safety Studio にサインインし、テキストの保護された素材の検出を選択します。,E,5,,,False
q167_1,q167,drag_item,1,,特定の会社名を除外リストに追加します。,1,1,,,
q167_2,q167,drag_item,2,,Custom Vision の Web サイトにサインインします。,2,2,,,
q167_3,q167,drag_item,3,,コンテンツ モデルのカスタマイズから、[言語] を選択します。,3,3,,,
q167_4,q167,drag_item,4,,Azure Video Analyzer for Media の Web サイトにサインインします。,4,4,,1,
q167_5,q167,drag_item,5,,コンテンツ モデルのカスタマイズから、[ブランド] を選択します。,5,5,,2,
q167_6,q167,drag_item,6,,特定の会社名を包含リストに追加します。,6,6,,3,
q168_a,q168,choice,A,,A. ビデオショット分析,A,1,,,False
q168_b,q168,choice,B,,B. メディア資産管理,B,2,,,False
q168_c,q168,choice,C,,C. 広告,C,3,,,True
q169_s1,q169,statement,S1,,解決策: Language Studio から価格のエンティティを作成し、モデルを再トレーニングして再公開します。,,1,,,false
q170_select01,q170,dropdown_blank,select01,,<select01>,,1,処理をコンピューティングノード全体に分散します。,,
q170_opt01_1,q170,dropdown_option,opt01_1,select01,処理をコンピューティングノード全体に分散します。,処理をコンピューティングノード全体に分散します。,1,,,
q170_opt01_2,q170,dropdown_option,opt01_2,select01,処理を制御ノード全体に分散します。,処理を制御ノード全体に分散します。,2,,,
q170_opt01_3,q170,dropdown_option,opt01_3,select01,クライアント接続をコンピューティングノード全体にリダイレクトします。,クライアント接続をコンピューティングノード全体にリダイレクトします。,3,,,
q170_opt01_4,q170,dropdown_option,opt01_4,select01,クライアント接続を制御ノード全体にリダイレクトします。,クライアント接続を制御ノード全体にリダイレクトします。,4,,,
q171_1,q171,drag_item,1,,話者認識モデルを作成します。,1,1,,,
q171_2,q171,drag_item,2,,会話型言語理解モデルを作成します。,2,2,,,
q171_3,q171,drag_item,3,,カスタム音声プロジェクトを作成します。,3,3,,1,
q171_4,q171,drag_item,4,,音声テキスト変換モデルを作成します。,4,4,,2,
q171_5,q171,drag_item,5,,トレーニングデータセットをアップロードします。,5,5,,3,
q171_6,q171,drag_item,6,,モデルをトレーニングします。,6,6,,4,
q171_7,q171,drag_item,7,,モデルをデプロイします。,7,7,,5,
q172_a,q172,choice,A,,A. ファイル1、ファイル2 と ファイル4 のみ,A,1,,,False
q172_b,q172,choice,B,,B. ファイル1とファイル2のみ,B,2,,,False
q172_c,q172,choice,C,,C. ファイル1、ファイル2、ファイル3のみ,C,3,,,False
q172_d,q172,choice,D,,D. ファイル1、ファイル2、ファイル3、ファイル4,D,4,,,True
q172_e,q172,choice,E,,E. ファイル1とファイル3のみ,E,5,,,False
q174_s1,q174,statement,S1,,解決策: より高いレベルを使用する Cognitive Search サービスに移行します。,,1,,,True
q175_a,q175,choice,A,,A. テーブル投影,A,1,,,True
q175_b,q175,choice,B,,B. 投影グループ,B,2,,,False
q175_c,q175,choice,C,,C. オブジェクト投影,C,3,,,False
q175_d,q175,choice,D,,D. ファイル投影,D,4,,,False
q176_s1,q176,statement,S1,,解決策：新しいモデルを作成してから、新しい画像とラベルをアップロードします。,,1,,,False
q177_a,q177,choice,A,,A. 感情分析,A,1,,,False
q177_b,q177,choice,B,,B. 名前付きエンティティ認識,B,2,,,True
q177_c,q177,choice,C,,C. エンティティリンク,C,3,,,False
q177_d,q177,choice,D,,D. キーフレーズ抽出,D,4,,,False
q178_a,q178,choice,A,,A. 少数ショット学習,A,1,,,False
q178_b,q178,choice,B,,B. アフォーダンス,B,2,,,False
q178_c,q178,choice,C,,C. 思考の連鎖,C,3,,,False
q178_d,q178,choice,D,,D. プライミング,D,4,,,True
q179_a,q179,choice,A,,A. 0,A,1,,,True
q179_b,q179,choice,B,,B. 7,B,2,,,False
q179_c,q179,choice,C,,C. 100,C,3,,,False
q179_d,q179,choice,D,,D. 0.0,D,4,,,False
q180_a,q180,choice,A,,A. 検索可能、ファセット可能、取得可能,A,1,,,True
q180_b,q180,choice,B,,B. 取得可能、フィルタリング可能、並べ替え可能,B,2,,,False
q180_c,q180,choice,C,,C. 検索可能、ファセット可能、キー,C,3,,,False
q180_d,q180,choice,D,,D. 検索可能、並べ替え可能、取得可能,D,4,,,False
